time,5117.battery,5117.maxbotix-mb7386-distance,5117.maxbotix-mb7386-trials,5118.battery,5118.rain-gauge-interval,5118.rain-gauge-precipitation,5118.rain-gauge-precipitation-sum
2020-03-20 09:59:24.175000-06:00,2.856,9999.0,0.0,,,,
2020-03-20 10:09:19.966000-06:00,2.856,9999.0,0.0,,,,
2020-03-20 10:29:15.261000-06:00,,,,2.917,600.0,0.0,6.5
2020-03-20 10:29:20.971000-06:00,2.856,9999.0,0.0,,,,
2020-03-20 10:39:14.779000-06:00,,,,2.917,600.0,0.0,6.5
2020-03-20 10:39:17.953000-06:00,2.858,9999.0,0.0,,,,
2020-03-20 12:19:14.476000-06:00,2.856,9999.0,0.0,,,,
2020-03-20 12:19:18.678000-06:00,,,,2.915,600.0,0.0,6.5
2020-03-20 12:29:17.183000-06:00,2.856,9999.0,0.0,,,,
2020-03-20 12:29:20.146000-06:00,,,,2.912,600.0,0.0,6.5
2020-03-20 12:39:16.865000-06:00,,,,2.915,600.0,0.0,6.5
2020-03-20 12:39:18.639000-06:00,2.856,500.0,0.0,,,,
2020-03-20 12:49:19.503000-06:00,2.856,500.0,0.0,,,,
2020-03-20 12:49:20.202000-06:00,,,,2.912,600.0,0.0,6.5
2020-03-20 12:59:12.889000-06:00,,,,2.912,600.0,0.0,6.5
2020-03-20 12:59:17.783000-06:00,2.856,500.0,0.0,,,,
2020-03-20 13:09:18.373000-06:00,2.856,500.0,0.0,,,,
2020-03-20 13:09:18.546000-06:00,,,,2.907,600.0,0.9,7.4
2020-03-20 13:19:15.837000-06:00,,,,2.907,600.0,0.0,7.4
2020-03-20 13:19:17.038000-06:00,2.856,500.0,0.0,,,,
2020-03-20 13:29:14.193000-06:00,,,,2.907,600.0,0.0,7.4
2020-03-20 13:29:18.875000-06:00,2.856,500.0,0.0,,,,
2020-03-20 13:39:12.920000-06:00,,,,2.905,600.0,0.0,7.4
2020-03-20 13:39:16.038000-06:00,2.856,500.0,0.0,,,,
2020-03-20 13:49:12.408000-06:00,2.854,500.0,0.0,,,,
2020-03-20 13:49:18.353000-06:00,,,,2.905,600.0,0.0,7.4
2020-03-20 13:59:19.486000-06:00,,,,2.905,600.0,0.0,7.4
2020-03-20 13:59:19.685000-06:00,2.854,500.0,0.0,,,,
2020-03-20 14:09:14.234000-06:00,2.854,9999.0,0.0,,,,
2020-03-20 14:09:17.757000-06:00,,,,2.905,600.0,0.0,7.4
2020-03-20 14:19:13.364000-06:00,2.851,9999.0,0.0,,,,
2020-03-20 14:19:14.080000-06:00,,,,2.905,600.0,0.0,7.4
2020-03-20 14:29:15.070000-06:00,2.854,9999.0,0.0,,,,
2020-03-20 14:29:16.956000-06:00,,,,2.905,600.0,0.0,7.4
2020-03-20 14:39:14.545000-06:00,2.854,500.0,0.0,,,,
2020-03-20 14:39:18.741000-06:00,,,,2.905,600.0,0.0,7.4
2020-03-20 14:49:16.056000-06:00,,,,2.905,600.0,0.0,7.4
2020-03-20 14:49:19.494000-06:00,2.854,500.0,0.0,,,,
2020-03-20 14:59:16.950000-06:00,,,,2.905,600.0,0.0,7.4
2020-03-20 14:59:17.387000-06:00,2.851,500.0,0.0,,,,
2020-03-20 15:09:13.674000-06:00,2.851,500.0,0.0,,,,
2020-03-20 15:09:18.751000-06:00,,,,2.902,600.0,0.0,7.4
2020-03-20 15:19:13.812000-06:00,2.851,9999.0,0.0,,,,
2020-03-20 15:19:16.097000-06:00,,,,2.905,600.0,0.0,7.4
2020-03-20 15:29:16.551000-06:00,2.849,9999.0,0.0,,,,
2020-03-20 15:29:16.804000-06:00,,,,2.905,600.0,0.0,7.4
2020-03-20 15:39:20.113000-06:00,2.851,9999.0,0.0,,,,
2020-03-20 15:49:15.350000-06:00,,,,2.902,600.0,0.0,7.4
2020-03-20 15:49:17.168000-06:00,2.849,9999.0,0.0,,,,
2020-03-20 15:59:14.824000-06:00,2.851,9999.0,0.0,,,,
2020-03-20 15:59:17.589000-06:00,,,,2.902,600.0,0.0,7.4
2020-03-20 16:09:14.654000-06:00,2.851,9999.0,0.0,,,,
2020-03-20 16:09:18.091000-06:00,,,,2.902,600.0,0.0,7.4
2020-03-20 16:19:15.820000-06:00,2.851,500.0,0.0,,,,
2020-03-20 16:19:17.072000-06:00,,,,2.902,600.0,0.0,7.4
2020-03-20 16:29:12.650000-06:00,2.851,9999.0,0.0,,,,
2020-03-20 16:29:15.072000-06:00,,,,2.905,600.0,0.0,7.4
2020-03-20 16:39:15.054000-06:00,,,,2.905,600.0,0.0,7.4
2020-03-20 16:39:15.823000-06:00,2.851,500.0,0.0,,,,
2020-03-20 16:49:15.046000-06:00,,,,2.902,600.0,0.0,7.4
2020-03-20 16:49:16.195000-06:00,2.849,9999.0,0.0,,,,
2020-03-20 16:59:15.050000-06:00,,,,2.902,600.0,0.0,7.4
2020-03-20 16:59:15.431000-06:00,2.849,9999.0,0.0,,,,
2020-03-20 17:09:17.966000-06:00,2.849,9999.0,0.0,,,,
2020-03-20 17:09:19.055000-06:00,,,,2.902,600.0,0.0,7.4
2020-03-20 17:19:12.991000-06:00,2.849,9999.0,0.0,,,,
2020-03-20 17:19:19.063000-06:00,,,,2.902,600.0,0.0,7.4
2020-03-20 17:29:19.068000-06:00,2.849,500.0,0.0,,,,
2020-03-20 17:29:19.105000-06:00,,,,2.902,600.0,0.0,7.4
2020-03-20 17:39:18.772000-06:00,2.849,500.0,0.0,,,,
2020-03-20 17:39:18.958000-06:00,,,,2.902,600.0,0.0,7.4
2020-03-20 17:49:14.142000-06:00,2.849,9999.0,0.0,,,,
2020-03-20 17:49:14.644000-06:00,,,,2.905,600.0,0.0,7.4
2020-03-20 17:59:14.278000-06:00,,,,2.902,600.0,0.0,7.4
2020-03-20 17:59:19.426000-06:00,2.849,9999.0,0.0,,,,
2020-03-20 18:09:14.007000-06:00,2.846,9999.0,0.0,,,,
2020-03-20 18:09:15.562000-06:00,,,,2.905,600.0,0.0,7.4
2020-03-20 18:19:13.899000-06:00,,,,2.902,600.0,0.0,7.4
2020-03-20 18:19:16.667000-06:00,2.849,500.0,0.0,,,,
2020-03-20 18:29:12.810000-06:00,,,,2.902,600.0,0.0,7.4
2020-03-20 18:29:14.526000-06:00,2.849,9999.0,0.0,,,,
2020-03-20 18:39:14.407000-06:00,,,,2.902,600.0,0.0,7.4
2020-03-20 18:39:15.732000-06:00,2.849,9999.0,0.0,,,,
2020-03-20 18:49:16.129000-06:00,2.849,500.0,0.0,,,,
2020-03-20 18:49:19.607000-06:00,,,,2.905,600.0,0.0,7.4
2020-03-20 18:59:16.263000-06:00,,,,2.902,600.0,0.0,7.4
2020-03-20 18:59:19.491000-06:00,2.849,9999.0,0.0,,,,
2020-03-20 19:09:15.334000-06:00,,,,2.902,600.0,0.0,7.4
2020-03-20 19:09:17.694000-06:00,2.846,9999.0,0.0,,,,
2020-03-20 19:19:12.133000-06:00,2.846,9999.0,0.0,,,,
2020-03-20 19:19:17.734000-06:00,,,,2.902,600.0,0.0,7.4
2020-03-20 19:29:16.524000-06:00,,,,2.905,600.0,0.0,7.4
2020-03-20 19:29:19.476000-06:00,2.846,9999.0,0.0,,,,
2020-03-20 19:39:13.684000-06:00,2.846,9999.0,0.0,,,,
2020-03-20 19:39:19.886000-06:00,,,,2.905,600.0,0.0,7.4
2020-03-20 19:49:16.111000-06:00,2.846,9999.0,0.0,,,,
2020-03-20 19:49:16.609000-06:00,,,,2.905,600.0,0.0,7.4
2020-03-20 19:59:14.986000-06:00,2.846,9999.0,0.0,,,,
2020-03-20 19:59:18.050000-06:00,,,,2.902,600.0,0.0,7.4
2020-03-20 20:09:13.213000-06:00,2.846,9999.0,0.0,,,,
2020-03-20 20:09:15.198000-06:00,,,,2.902,600.0,0.0,7.4
2020-03-20 20:19:13.261000-06:00,,,,2.905,600.0,0.0,7.4
2020-03-20 20:19:13.696000-06:00,2.846,9999.0,0.0,,,,
2020-03-20 20:29:16.705000-06:00,2.846,9999.0,0.0,,,,
2020-03-20 20:29:17.640000-06:00,,,,2.905,600.0,0.0,7.4
2020-03-20 20:39:14.722000-06:00,2.846,9999.0,0.0,,,,
2020-03-20 20:39:16.400000-06:00,,,,2.902,600.0,0.0,7.4
2020-03-20 20:49:15.935000-06:00,,,,2.905,600.0,0.0,7.4
2020-03-20 20:49:18.787000-06:00,2.846,9999.0,0.0,,,,
2020-03-20 20:59:16.742000-06:00,,,,2.905,600.0,0.0,7.4
2020-03-20 20:59:18.886000-06:00,2.846,9999.0,0.0,,,,
2020-03-20 21:09:14.597000-06:00,2.846,9999.0,0.0,,,,
2020-03-20 21:09:18.636000-06:00,,,,2.905,600.0,0.0,7.4
2020-03-20 21:19:14.426000-06:00,,,,2.905,600.0,0.0,7.4
2020-03-20 21:19:18.068000-06:00,2.846,9999.0,0.0,,,,
2020-03-20 21:29:14.972000-06:00,2.846,9999.0,0.0,,,,
2020-03-20 21:29:19.759000-06:00,,,,2.905,600.0,0.0,7.4
2020-03-20 21:39:12.673000-06:00,,,,2.905,600.0,0.0,7.4
2020-03-20 21:39:13.318000-06:00,2.846,9999.0,0.0,,,,
2020-03-20 21:49:13.510000-06:00,2.846,9999.0,0.0,,,,
2020-03-20 21:49:18.259000-06:00,,,,2.902,600.0,0.0,7.4
2020-03-20 21:59:15.914000-06:00,2.846,9999.0,0.0,,,,
2020-03-20 21:59:19.444000-06:00,,,,2.905,600.0,0.0,7.4
2020-03-20 22:09:12.060000-06:00,,,,2.905,600.0,0.0,7.4
2020-03-20 22:09:15.191000-06:00,2.846,9999.0,0.0,,,,
2020-03-20 22:19:15.311000-06:00,,,,2.905,600.0,0.0,7.4
2020-03-20 22:19:17.796000-06:00,2.849,9999.0,0.0,,,,
2020-03-20 22:29:12.481000-06:00,2.846,9999.0,0.0,,,,
2020-03-20 22:29:13.830000-06:00,,,,2.905,600.0,0.0,7.4
2020-03-20 22:39:16.836000-06:00,,,,2.905,600.0,0.0,7.4
2020-03-20 22:39:17.893000-06:00,2.846,9999.0,0.0,,,,
2020-03-20 22:49:14.881000-06:00,,,,2.905,600.0,0.0,7.4
2020-03-20 22:49:19.245000-06:00,2.846,9999.0,0.0,,,,
2020-03-20 22:59:13.398000-06:00,2.849,9999.0,0.0,,,,
2020-03-20 22:59:18.724000-06:00,,,,2.905,600.0,0.0,7.4
2020-03-20 23:09:12.239000-06:00,2.849,500.0,0.0,,,,
2020-03-20 23:09:18.411000-06:00,,,,2.905,600.0,0.0,7.4
2020-03-20 23:19:14.024000-06:00,,,,2.905,600.0,0.0,7.4
2020-03-20 23:19:19.456000-06:00,2.849,9999.0,0.0,,,,
2020-03-20 23:29:11.868000-06:00,2.846,9999.0,0.0,,,,
2020-03-20 23:29:19.268000-06:00,,,,2.905,600.0,0.0,7.4
2020-03-20 23:39:13.779000-06:00,,,,2.905,600.0,0.0,7.4
2020-03-20 23:39:15.227000-06:00,2.849,9999.0,0.0,,,,
2020-03-20 23:49:16.776000-06:00,,,,2.905,600.0,0.0,7.4
2020-03-20 23:49:17.434000-06:00,2.846,9999.0,0.0,,,,
2020-03-20 23:59:14.787000-06:00,,,,2.905,600.0,0.0,7.4
2020-03-20 23:59:15.861000-06:00,2.846,9999.0,0.0,,,,
2020-03-21 00:09:14.809000-06:00,,,,2.905,600.0,0.0,7.4
2020-03-21 00:09:15.219000-06:00,2.846,9999.0,0.0,,,,
2020-03-21 00:19:17.441000-06:00,2.846,9999.0,0.0,,,,
2020-03-21 00:19:18.622000-06:00,,,,2.905,600.0,0.0,7.4
2020-03-21 00:29:14.512000-06:00,,,,2.905,600.0,0.0,7.4
2020-03-21 00:29:15.860000-06:00,2.846,9999.0,0.0,,,,
2020-03-21 00:39:18.289000-06:00,,,,2.905,600.0,0.0,7.4
2020-03-21 00:39:18.725000-06:00,2.846,9999.0,0.0,,,,
2020-03-21 00:49:16.967000-06:00,2.846,9999.0,0.0,,,,
2020-03-21 00:49:19.831000-06:00,,,,2.905,600.0,0.0,7.4
2020-03-21 00:59:12.684000-06:00,,,,2.905,600.0,0.0,7.4
2020-03-21 00:59:17.483000-06:00,2.846,9999.0,0.0,,,,
2020-03-21 01:09:14.384000-06:00,,,,2.905,600.0,0.0,7.4
2020-03-21 01:09:16.464000-06:00,2.846,9999.0,0.0,,,,
2020-03-21 01:19:14.065000-06:00,,,,2.905,600.0,0.0,7.4
2020-03-21 01:19:18.492000-06:00,2.846,9999.0,0.0,,,,
2020-03-21 01:29:14.518000-06:00,2.846,9999.0,0.0,,,,
2020-03-21 01:29:15.157000-06:00,,,,2.905,600.0,0.0,7.4
2020-03-21 01:39:14.627000-06:00,2.846,9999.0,0.0,,,,
2020-03-21 01:39:17.361000-06:00,,,,2.905,600.0,0.0,7.4
2020-03-21 01:49:12.014000-06:00,,,,2.905,600.0,0.0,7.4
2020-03-21 01:49:14.339000-06:00,2.846,9999.0,0.0,,,,
2020-03-21 01:59:13.765000-06:00,2.846,9999.0,0.0,,,,
2020-03-21 01:59:15.082000-06:00,,,,2.905,600.0,0.0,7.4
2020-03-21 02:09:17.452000-06:00,,,,2.905,600.0,0.0,7.4
2020-03-21 02:09:19.148000-06:00,2.846,9999.0,0.0,,,,
2020-03-21 02:19:16.212000-06:00,,,,2.905,600.0,0.0,7.4
2020-03-21 02:19:17.368000-06:00,2.846,9999.0,0.0,,,,
2020-03-21 02:29:11.842000-06:00,2.846,9999.0,0.0,,,,
2020-03-21 02:29:15.718000-06:00,,,,2.905,600.0,0.0,7.4
2020-03-21 02:39:14.813000-06:00,2.846,9999.0,0.0,,,,
2020-03-21 02:39:16.735000-06:00,,,,2.905,600.0,0.0,7.4
2020-03-21 02:49:12.721000-06:00,2.846,9999.0,0.0,,,,
2020-03-21 02:49:18.804000-06:00,,,,2.907,600.0,0.0,7.4
2020-03-21 02:59:14.681000-06:00,,,,2.905,600.0,0.0,7.4
2020-03-21 02:59:17.079000-06:00,2.846,9999.0,0.0,,,,
2020-03-21 03:09:13.267000-06:00,2.846,9999.0,0.0,,,,
2020-03-21 03:09:18.420000-06:00,,,,2.905,600.0,0.0,7.4
2020-03-21 03:19:11.681000-06:00,2.846,9999.0,0.0,,,,
2020-03-21 03:19:13.895000-06:00,,,,2.905,600.0,0.0,7.4
2020-03-21 03:29:14.853000-06:00,,,,2.905,600.0,0.0,7.4
2020-03-21 03:29:15.026000-06:00,2.846,9999.0,0.0,,,,
2020-03-21 03:39:13.195000-06:00,2.846,9999.0,0.0,,,,
2020-03-21 03:39:16.798000-06:00,,,,2.907,600.0,0.0,7.4
2020-03-21 03:49:12.081000-06:00,2.846,9999.0,0.0,,,,
2020-03-21 03:49:16.923000-06:00,,,,2.905,600.0,0.0,7.4
2020-03-21 03:59:13.177000-06:00,,,,2.905,600.0,0.0,7.4
2020-03-21 03:59:15.314000-06:00,2.846,9999.0,0.0,,,,
2020-03-21 04:09:13.683000-06:00,,,,2.907,600.0,0.0,7.4
2020-03-21 04:09:15.764000-06:00,2.846,9999.0,0.0,,,,
2020-03-21 04:19:14.718000-06:00,2.846,9999.0,0.0,,,,
2020-03-21 04:19:16.693000-06:00,,,,2.905,600.0,0.0,7.4
2020-03-21 04:29:16.611000-06:00,2.846,9999.0,0.0,,,,
2020-03-21 04:29:18.715000-06:00,,,,2.907,600.0,0.0,7.4
2020-03-21 04:39:12.878000-06:00,2.846,9999.0,0.0,,,,
2020-03-21 04:39:18.775000-06:00,,,,2.907,600.0,0.0,7.4
2020-03-21 04:49:17.419000-06:00,2.846,9999.0,0.0,,,,
2020-03-21 04:49:18.624000-06:00,,,,2.907,600.0,0.0,7.4
2020-03-21 04:59:12.070000-06:00,2.846,9999.0,0.0,,,,
2020-03-21 04:59:14.348000-06:00,,,,2.907,600.0,0.0,7.4
2020-03-21 05:09:13.813000-06:00,,,,2.907,600.0,0.0,7.4
2020-03-21 05:09:17.817000-06:00,2.849,9999.0,0.0,,,,
2020-03-21 05:19:14.963000-06:00,,,,2.907,600.0,0.0,7.4
2020-03-21 05:19:19.363000-06:00,2.846,9999.0,0.0,,,,
2020-03-21 05:29:12.449000-06:00,2.846,9999.0,0.0,,,,
2020-03-21 05:29:13.263000-06:00,,,,2.907,600.0,0.0,7.4
2020-03-21 05:39:13.627000-06:00,,,,2.907,600.0,0.0,7.4
2020-03-21 05:39:14.132000-06:00,2.846,9999.0,0.0,,,,
2020-03-21 05:49:12.352000-06:00,,,,2.907,600.0,0.0,7.4
2020-03-21 05:49:13.998000-06:00,2.846,9999.0,0.0,,,,
2020-03-21 05:59:13.803000-06:00,,,,2.907,600.0,0.0,7.4
2020-03-21 05:59:15.235000-06:00,2.846,9999.0,0.0,,,,
2020-03-21 06:09:15.709000-06:00,2.846,9999.0,0.0,,,,
2020-03-21 06:09:18.972000-06:00,,,,2.905,600.0,0.0,7.4
2020-03-21 06:19:14.678000-06:00,2.846,9999.0,0.0,,,,
2020-03-21 06:19:17.053000-06:00,,,,2.907,600.0,0.0,7.4
2020-03-21 06:29:13.448000-06:00,,,,2.907,600.0,0.0,7.4
2020-03-21 06:29:16.605000-06:00,2.846,9999.0,0.0,,,,
2020-03-21 06:39:12.264000-06:00,,,,2.907,600.0,0.0,7.4
2020-03-21 06:39:12.977000-06:00,2.846,9999.0,0.0,,,,
2020-03-21 06:49:17.191000-06:00,2.846,9999.0,0.0,,,,
2020-03-21 06:49:19.623000-06:00,,,,2.907,600.0,0.0,7.4
2020-03-21 06:59:11.679000-06:00,2.846,9999.0,0.0,,,,
2020-03-21 06:59:12.362000-06:00,,,,2.907,600.0,0.0,7.4
2020-03-21 07:09:13.837000-06:00,,,,2.905,600.0,0.0,7.4
2020-03-21 07:09:18.627000-06:00,2.849,9999.0,0.0,,,,
2020-03-21 07:19:16.539000-06:00,2.846,9999.0,0.0,,,,
2020-03-21 07:19:18.800000-06:00,,,,2.905,600.0,0.0,7.4
2020-03-21 07:29:12.950000-06:00,,,,2.905,600.0,0.0,7.4
2020-03-21 07:29:16.875000-06:00,2.846,9999.0,0.0,,,,
2020-03-21 07:39:13.022000-06:00,,,,2.905,600.0,0.0,7.4
2020-03-21 07:39:13.071000-06:00,2.846,9999.0,0.0,,,,
2020-03-21 07:49:13.408000-06:00,,,,2.905,600.0,0.0,7.4
2020-03-21 07:49:15.932000-06:00,2.846,9999.0,0.0,,,,
2020-03-21 07:59:16.175000-06:00,,,,2.907,600.0,0.0,7.4
2020-03-21 07:59:19.165000-06:00,2.846,9999.0,0.0,,,,
2020-03-21 08:09:11.640000-06:00,2.846,9999.0,0.0,,,,
2020-03-21 08:09:15.735000-06:00,,,,2.907,600.0,0.0,7.4
2020-03-21 08:19:14.601000-06:00,2.846,9999.0,0.0,,,,
2020-03-21 08:19:16.589000-06:00,,,,2.905,600.0,0.0,7.4
2020-03-21 08:29:12.498000-06:00,2.849,9999.0,0.0,,,,
2020-03-21 08:29:14.296000-06:00,,,,2.905,600.0,0.0,7.4
2020-03-21 08:39:13.960000-06:00,,,,2.907,600.0,0.0,7.4
2020-03-21 08:39:16.781000-06:00,2.849,9999.0,0.0,,,,
2020-03-21 08:49:13.406000-06:00,2.849,9999.0,0.0,,,,
2020-03-21 08:49:19.044000-06:00,,,,2.907,600.0,0.0,7.4
2020-03-21 08:59:12.130000-06:00,2.849,9999.0,0.0,,,,
2020-03-21 08:59:13.239000-06:00,,,,2.905,600.0,0.0,7.4
2020-03-21 09:09:11.880000-06:00,,,,2.905,600.0,0.0,7.4
2020-03-21 09:09:13.623000-06:00,2.849,9999.0,0.0,,,,
2020-03-21 09:19:14.618000-06:00,2.849,9999.0,0.0,,,,
2020-03-21 09:19:15.134000-06:00,,,,2.905,600.0,0.0,7.4
2020-03-21 09:29:13.684000-06:00,,,,2.907,600.0,0.0,7.4
2020-03-21 09:29:16.622000-06:00,2.849,9999.0,0.0,,,,
2020-03-21 09:39:12.513000-06:00,,,,2.905,600.0,0.0,7.4
2020-03-21 09:39:12.590000-06:00,2.849,9999.0,0.0,,,,
2020-03-21 09:49:12.544000-06:00,2.849,9999.0,0.0,,,,
2020-03-21 09:49:14.420000-06:00,,,,2.905,600.0,0.0,7.4
2020-03-21 09:59:12.497000-06:00,2.851,9999.0,0.0,,,,
2020-03-21 09:59:18.004000-06:00,,,,2.905,600.0,0.0,7.4
2020-03-21 10:09:16.365000-06:00,2.851,9999.0,0.0,,,,
2020-03-21 10:09:19.436000-06:00,,,,2.905,600.0,0.0,7.4
2020-03-21 10:19:12.667000-06:00,2.851,9999.0,0.0,,,,
2020-03-21 10:19:16.033000-06:00,,,,2.905,600.0,0.0,7.4
2020-03-21 10:29:13.232000-06:00,2.851,9999.0,0.0,,,,
2020-03-21 10:29:15.245000-06:00,,,,2.905,600.0,0.0,7.4
2020-03-21 10:39:11.872000-06:00,2.851,9999.0,0.0,,,,
2020-03-21 10:39:11.912000-06:00,,,,2.905,600.0,0.0,7.4
2020-03-21 10:49:17.687000-06:00,2.851,9999.0,0.0,,,,
2020-03-21 10:49:19.018000-06:00,,,,2.905,600.0,0.0,7.4
2020-03-21 10:59:13.254000-06:00,,,,2.905,600.0,0.0,7.4
2020-03-21 10:59:18.846000-06:00,2.851,9999.0,0.0,,,,
2020-03-21 11:09:11.709000-06:00,,,,2.902,600.0,0.0,7.4
2020-03-21 11:09:15.627000-06:00,2.854,9999.0,0.0,,,,
2020-03-21 11:19:14.879000-06:00,,,,2.905,600.0,0.0,7.4
2020-03-21 11:19:15.201000-06:00,2.851,9999.0,0.0,,,,
2020-03-21 11:29:11.888000-06:00,2.851,9999.0,0.0,,,,
2020-03-21 11:29:12.994000-06:00,,,,2.905,600.0,0.0,7.4
2020-03-21 11:39:13.214000-06:00,,,,2.902,600.0,0.0,7.4
2020-03-21 11:39:17.292000-06:00,2.851,9999.0,0.0,,,,
2020-03-21 11:49:11.647000-06:00,,,,2.902,600.0,0.0,7.4
2020-03-21 11:49:14.574000-06:00,2.854,9999.0,0.0,,,,
2020-03-21 11:59:14.787000-06:00,,,,2.902,600.0,0.0,7.4
2020-03-21 11:59:17.160000-06:00,2.851,9999.0,0.0,,,,
2020-03-21 12:09:11.832000-06:00,2.851,9999.0,0.0,,,,
2020-03-21 12:09:17.082000-06:00,,,,2.902,600.0,0.0,7.4
2020-03-21 12:19:13.435000-06:00,,,,2.9,600.0,0.0,7.4
2020-03-21 12:19:17.210000-06:00,2.851,9999.0,0.0,,,,
2020-03-21 12:29:12.143000-06:00,,,,2.902,600.0,0.0,7.4
2020-03-21 12:29:18.465000-06:00,2.851,9999.0,0.0,,,,
2020-03-21 12:39:12.979000-06:00,2.851,9999.0,0.0,,,,
2020-03-21 12:39:13.821000-06:00,,,,2.902,600.0,0.0,7.4
2020-03-21 12:49:12.047000-06:00,2.851,9999.0,0.0,,,,
2020-03-21 12:49:14.939000-06:00,,,,2.902,600.0,0.0,7.4
2020-03-21 12:59:17.158000-06:00,,,,2.902,600.0,0.0,7.4
2020-03-21 12:59:17.689000-06:00,2.851,9999.0,0.0,,,,
2020-03-21 13:09:11.609000-06:00,,,,2.902,600.0,0.0,7.4
2020-03-21 13:09:13.478000-06:00,2.851,9999.0,0.0,,,,
2020-03-21 13:19:14.786000-06:00,,,,2.902,600.0,0.0,7.4
2020-03-21 13:19:19.069000-06:00,2.851,500.0,0.0,,,,
2020-03-21 13:29:15.787000-06:00,2.849,9999.0,0.0,,,,
2020-03-21 13:29:16.889000-06:00,,,,2.9,600.0,0.0,7.4
2020-03-21 13:39:17.100000-06:00,,,,2.902,600.0,0.0,7.4
2020-03-21 13:39:17.205000-06:00,2.849,9999.0,0.0,,,,
2020-03-21 13:49:11.550000-06:00,,,,2.902,600.0,0.0,7.4
2020-03-21 13:49:18.563000-06:00,2.851,9999.0,0.0,,,,
2020-03-21 13:59:12.758000-06:00,2.849,9999.0,0.0,,,,
2020-03-21 13:59:14.688000-06:00,,,,2.9,600.0,0.0,7.4
2020-03-21 14:09:12.999000-06:00,,,,2.9,600.0,0.0,7.4
2020-03-21 14:09:15.179000-06:00,2.849,9999.0,0.0,,,,
2020-03-21 14:19:17.359000-06:00,,,,2.9,600.0,0.0,7.4
2020-03-21 14:19:18.070000-06:00,2.849,9999.0,0.0,,,,
2020-03-21 14:29:12.092000-06:00,,,,2.9,600.0,0.0,7.4
2020-03-21 14:29:12.310000-06:00,2.849,9999.0,0.0,,,,
2020-03-21 14:39:12.864000-06:00,2.849,9999.0,0.0,,,,
2020-03-21 14:39:13.568000-06:00,,,,2.902,600.0,0.0,7.4
2020-03-21 14:49:15.918000-06:00,2.849,9999.0,0.0,,,,
2020-03-21 14:49:18.533000-06:00,,,,2.9,600.0,0.1,7.5
2020-03-21 14:59:12.464000-06:00,,,,2.902,600.0,0.0,7.5
2020-03-21 14:59:17.547000-06:00,2.849,9999.0,0.0,,,,
2020-03-21 15:09:12.571000-06:00,,,,2.9,600.0,0.0,7.5
2020-03-21 15:09:17.342000-06:00,2.851,500.0,0.0,,,,
2020-03-21 15:19:13.056000-06:00,,,,2.902,600.0,0.0,7.5
2020-03-21 15:19:18.968000-06:00,2.849,9999.0,0.0,,,,
2020-03-21 15:29:11.698000-06:00,2.849,9999.0,0.0,,,,
2020-03-21 15:29:15.546000-06:00,,,,2.902,600.0,0.0,7.5
2020-03-21 15:39:14.533000-06:00,,,,2.902,600.0,0.0,7.5
2020-03-21 15:39:17.172000-06:00,2.849,9999.0,0.0,,,,
2020-03-21 15:49:14.125000-06:00,2.849,500.0,0.0,,,,
2020-03-21 15:49:16.505000-06:00,,,,2.9,600.0,0.0,7.5
2020-03-21 15:59:12.042000-06:00,2.849,500.0,0.0,,,,
2020-03-21 15:59:12.449000-06:00,,,,2.9,600.0,0.0,7.5
2020-03-21 16:09:11.932000-06:00,2.851,500.0,0.0,,,,
2020-03-21 16:09:16.620000-06:00,,,,2.902,600.0,0.0,7.5
2020-03-21 16:19:12.704000-06:00,,,,2.907,600.0,0.0,7.5
2020-03-21 16:19:16.186000-06:00,2.851,500.0,0.0,,,,
2020-03-21 16:29:12.700000-06:00,2.851,500.0,0.0,,,,
2020-03-21 16:29:16.892000-06:00,,,,2.91,600.0,0.0,7.5
2020-03-21 16:39:11.511000-06:00,,,,2.902,600.0,1.0,8.5
2020-03-21 16:39:11.767000-06:00,2.849,500.0,0.0,,,,
2020-03-21 16:49:13.391000-06:00,2.849,9999.0,0.0,,,,
2020-03-21 16:49:18.785000-06:00,,,,2.902,600.0,0.0,8.5
2020-03-21 16:59:13.172000-06:00,2.849,9999.0,0.0,,,,
2020-03-21 16:59:17.343000-06:00,,,,2.902,600.0,1.6,10.100000000000001
2020-03-21 17:09:16.214000-06:00,,,,2.902,600.0,0.1,10.200000000000001
2020-03-21 17:09:18.769000-06:00,2.849,500.0,0.0,,,,
2020-03-21 17:19:13.943000-06:00,,,,2.91,600.0,0.1,10.3
2020-03-21 17:19:15.425000-06:00,2.851,500.0,0.0,,,,
2020-03-21 17:29:13.244000-06:00,2.849,9999.0,0.0,,,,
2020-03-21 17:29:13.445000-06:00,,,,2.907,600.0,0.1,10.4
2020-03-21 17:39:14.413000-06:00,,,,2.91,600.0,0.0,10.4
2020-03-21 17:39:18.447000-06:00,2.849,500.0,0.0,,,,
2020-03-21 17:49:10.809000-06:00,2.846,9999.0,0.0,,,,
2020-03-21 17:49:12.409000-06:00,,,,2.91,600.0,0.0,10.4
2020-03-21 17:59:12.374000-06:00,,,,2.91,600.0,0.0,10.4
2020-03-21 17:59:18.108000-06:00,2.849,500.0,0.0,,,,
2020-03-21 18:09:12.334000-06:00,,,,2.91,600.0,0.0,10.4
2020-03-21 18:09:16.680000-06:00,2.849,9999.0,0.0,,,,
2020-03-21 18:19:12.506000-06:00,,,,2.91,600.0,0.0,10.4
2020-03-21 18:19:15.333000-06:00,2.846,9999.0,0.0,,,,
2020-03-21 18:29:12.591000-06:00,,,,2.91,600.0,0.0,10.4
2020-03-21 18:29:13.144000-06:00,2.846,9999.0,0.0,,,,
2020-03-21 18:39:12.783000-06:00,,,,2.91,600.0,0.0,10.4
2020-03-21 18:39:14.313000-06:00,2.846,500.0,0.0,,,,
2020-03-21 18:49:11.124000-06:00,2.846,9999.0,0.0,,,,
2020-03-21 18:49:11.434000-06:00,,,,2.912,600.0,0.0,10.4
2020-03-21 18:59:14.736000-06:00,,,,2.91,600.0,0.0,10.4
2020-03-21 18:59:18.293000-06:00,2.846,500.0,0.0,,,,
2020-03-21 19:09:15.105000-06:00,2.846,9999.0,0.0,,,,
2020-03-21 19:09:17.109000-06:00,,,,2.91,600.0,0.0,10.4
2020-03-21 19:19:11.848000-06:00,,,,2.91,600.0,0.0,10.4
2020-03-21 19:19:14.249000-06:00,2.846,9999.0,0.0,,,,
2020-03-21 19:29:13.335000-06:00,,,,2.91,600.0,0.0,10.4
2020-03-21 19:29:15.061000-06:00,2.844,9999.0,0.0,,,,
2020-03-21 19:39:18.213000-06:00,2.844,9999.0,0.0,,,,
2020-03-21 19:39:18.330000-06:00,,,,2.912,600.0,0.0,10.4
2020-03-21 19:49:11.028000-06:00,2.844,9999.0,0.0,,,,
2020-03-21 19:49:12.300000-06:00,,,,2.912,600.0,0.0,10.4
2020-03-21 19:59:12.283000-06:00,,,,2.912,600.0,0.0,10.4
2020-03-21 19:59:14.616000-06:00,2.844,9999.0,0.0,,,,
2020-03-21 20:09:11.349000-06:00,2.841,9999.0,0.0,,,,
2020-03-21 20:09:12.241000-06:00,,,,2.912,600.0,0.0,10.4
2020-03-21 20:19:16.419000-06:00,,,,2.912,600.0,0.0,10.4
2020-03-21 20:19:16.765000-06:00,2.844,9999.0,0.0,,,,
2020-03-21 20:29:12.530000-06:00,,,,2.912,600.0,0.0,10.4
2020-03-21 20:29:17.667000-06:00,2.844,9999.0,0.0,,,,
2020-03-21 20:39:12.752000-06:00,,,,2.912,600.0,0.0,10.4
2020-03-21 20:39:15.967000-06:00,2.844,9999.0,0.0,,,,
2020-03-21 20:49:11.203000-06:00,,,,2.915,600.0,0.0,10.4
2020-03-21 20:49:12.577000-06:00,2.841,9999.0,0.0,,,,
2020-03-21 20:59:15.321000-06:00,2.841,9999.0,0.0,,,,
2020-03-21 20:59:18.361000-06:00,,,,2.915,600.0,0.0,10.4
2020-03-21 21:09:16.453000-06:00,,,,2.915,600.0,0.0,10.4
2020-03-21 21:09:16.816000-06:00,2.841,9999.0,0.0,,,,
2020-03-21 21:19:12.875000-06:00,,,,2.912,600.0,0.0,10.4
2020-03-21 21:19:13.789000-06:00,2.841,9999.0,0.0,,,,
2020-03-21 21:29:11.494000-06:00,,,,2.915,600.0,0.0,10.4
2020-03-21 21:29:15.756000-06:00,2.841,9999.0,0.0,,,,
2020-03-21 21:39:15.679000-06:00,2.844,9999.0,0.0,,,,
2020-03-21 21:39:18.719000-06:00,,,,2.915,600.0,0.0,10.4
2020-03-21 21:49:11.184000-06:00,,,,2.912,600.0,0.0,10.4
2020-03-21 21:49:16.030000-06:00,2.844,9999.0,0.0,,,,
2020-03-21 21:59:12.266000-06:00,2.841,9999.0,0.0,,,,
2020-03-21 21:59:14.128000-06:00,,,,2.915,600.0,0.0,10.4
2020-03-21 22:09:14.766000-06:00,2.844,9999.0,0.0,,,,
2020-03-21 22:09:16.267000-06:00,,,,2.915,600.0,0.0,10.4
2020-03-21 22:19:16.552000-06:00,,,,2.915,600.0,0.0,10.4
2020-03-21 22:19:17.724000-06:00,2.844,9999.0,0.0,,,,
2020-03-21 22:29:11.692000-06:00,2.844,9999.0,0.0,,,,
2020-03-21 22:29:12.867000-06:00,,,,2.915,600.0,0.0,10.4
2020-03-21 22:39:11.608000-06:00,2.844,9999.0,0.0,,,,
2020-03-21 22:39:11.743000-06:00,,,,2.915,600.0,0.0,10.4
2020-03-21 22:49:15.944000-06:00,2.844,9999.0,0.0,,,,
2020-03-21 22:49:17.520000-06:00,,,,2.915,600.0,0.0,10.4
2020-03-21 22:59:15.077000-06:00,,,,2.915,600.0,0.0,10.4
2020-03-21 22:59:16.105000-06:00,2.844,9999.0,0.0,,,,
2020-03-21 23:09:10.962000-06:00,2.844,9999.0,0.0,,,,
2020-03-21 23:09:15.945000-06:00,,,,2.915,600.0,0.0,10.4
2020-03-21 23:19:13.666000-06:00,,,,2.915,600.0,0.0,10.4
2020-03-21 23:19:14.203000-06:00,2.844,9999.0,0.0,,,,
2020-03-21 23:29:10.701000-06:00,2.844,9999.0,0.0,,,,
2020-03-21 23:29:13.139000-06:00,,,,2.915,600.0,0.0,10.4
2020-03-21 23:39:17.688000-06:00,2.844,9999.0,0.0,,,,
2020-03-21 23:39:18.083000-06:00,,,,2.915,600.0,0.0,10.4
2020-03-21 23:49:12.235000-06:00,,,,2.915,600.0,0.0,10.4
2020-03-21 23:49:15.639000-06:00,2.844,9999.0,0.0,,,,
2020-03-21 23:59:11.583000-06:00,2.844,9999.0,0.0,,,,
2020-03-21 23:59:12.526000-06:00,,,,2.915,600.0,0.0,10.4
2020-03-22 00:09:11.482000-06:00,2.844,9999.0,0.0,,,,
2020-03-22 00:09:12.847000-06:00,,,,2.915,600.0,0.0,10.4
2020-03-22 00:29:13.348000-06:00,,,,2.915,600.0,0.0,10.4
2020-03-22 00:29:16.417000-06:00,2.844,9999.0,0.0,,,,
2020-03-22 00:39:11.132000-06:00,2.844,9999.0,0.0,,,,
2020-03-22 00:39:18.763000-06:00,,,,2.915,600.0,0.0,10.4
2020-03-22 00:49:12.609000-06:00,2.844,9999.0,0.0,,,,
2020-03-22 00:49:15.351000-06:00,,,,2.915,600.0,0.0,10.4
2020-03-22 00:59:18.764000-06:00,,,,2.915,600.0,0.0,10.4
2020-03-22 01:09:11.500000-06:00,2.844,9999.0,0.0,,,,
2020-03-22 01:09:15.354000-06:00,,,,2.915,600.0,0.0,10.4
2020-03-22 01:19:11.836000-06:00,2.844,9999.0,0.0,,,,
2020-03-22 01:19:18.543000-06:00,,,,2.915,600.0,0.0,10.4
2020-03-22 01:29:11.170000-06:00,,,,2.915,600.0,0.0,10.4
2020-03-22 01:29:12.021000-06:00,2.844,9999.0,0.0,,,,
2020-03-22 01:39:10.425000-06:00,2.844,9999.0,0.0,,,,
2020-03-22 01:39:18.448000-06:00,,,,2.915,600.0,0.0,10.4
2020-03-22 01:49:12.986000-06:00,,,,2.917,600.0,0.0,10.4
2020-03-22 01:49:13.743000-06:00,2.844,9999.0,0.0,,,,
2020-03-22 01:59:15.801000-06:00,,,,2.917,600.0,0.0,10.4
2020-03-22 01:59:16.347000-06:00,2.844,9999.0,0.0,,,,
2020-03-22 02:09:11.056000-06:00,2.844,9999.0,0.0,,,,
2020-03-22 02:09:13.722000-06:00,,,,2.917,600.0,0.0,10.4
2020-03-22 02:19:12.488000-06:00,2.844,9999.0,0.0,,,,
2020-03-22 02:19:13.282000-06:00,,,,2.917,600.0,0.0,10.4
2020-03-22 02:29:17.355000-06:00,2.844,9999.0,0.0,,,,
2020-03-22 02:29:18.685000-06:00,,,,2.917,600.0,0.0,10.4
2020-03-22 02:39:11.473000-06:00,,,,2.917,600.0,0.0,10.4
2020-03-22 02:39:11.598000-06:00,2.844,9999.0,0.0,,,,
2020-03-22 02:49:12.112000-06:00,2.844,9999.0,0.0,,,,
2020-03-22 02:49:14.820000-06:00,,,,2.917,600.0,0.0,10.4
2020-03-22 02:59:11.125000-06:00,2.844,9999.0,0.0,,,,
2020-03-22 02:59:15.741000-06:00,,,,2.917,600.0,0.0,10.4
2020-03-22 03:09:17.154000-06:00,2.844,9999.0,0.0,,,,
2020-03-22 03:09:17.348000-06:00,,,,2.917,600.0,0.0,10.4
2020-03-22 03:19:17.209000-06:00,2.844,9999.0,0.0,,,,
2020-03-22 03:19:18.550000-06:00,,,,2.917,600.0,0.0,10.4
2020-03-22 03:29:15.209000-06:00,,,,2.917,600.0,0.0,10.4
2020-03-22 03:29:16.832000-06:00,2.844,9999.0,0.0,,,,
2020-03-22 03:39:16.568000-06:00,2.844,9999.0,0.0,,,,
2020-03-22 03:39:18.308000-06:00,,,,2.917,600.0,0.0,10.4
2020-03-22 03:49:12.744000-06:00,,,,2.917,600.0,0.0,10.4
2020-03-22 03:49:14.069000-06:00,2.844,9999.0,0.0,,,,
2020-03-22 03:59:11.116000-06:00,2.844,9999.0,0.0,,,,
2020-03-22 03:59:15.364000-06:00,,,,2.917,600.0,0.0,10.4
2020-03-22 04:09:17.155000-06:00,2.844,9999.0,0.0,,,,
2020-03-22 04:09:18.605000-06:00,,,,2.917,600.0,0.0,10.4
2020-03-22 04:19:11.088000-06:00,,,,2.917,600.0,0.0,10.4
2020-03-22 04:19:13.235000-06:00,2.844,9999.0,0.0,,,,
2020-03-22 04:29:14.062000-06:00,,,,2.917,600.0,0.0,10.4
2020-03-22 04:29:16.935000-06:00,2.844,9999.0,0.0,,,,
2020-03-22 04:39:12.001000-06:00,,,,2.917,600.0,0.0,10.4
2020-03-22 04:49:13.616000-06:00,2.844,9999.0,0.0,,,,
2020-03-22 04:49:16.137000-06:00,,,,2.915,600.0,0.0,10.4
2020-03-22 04:59:12.429000-06:00,,,,2.917,600.0,0.0,10.4
2020-03-22 04:59:16.185000-06:00,2.841,9999.0,0.0,,,,
2020-03-22 05:09:12.731000-06:00,,,,2.917,600.0,0.0,10.4
2020-03-22 05:09:14.831000-06:00,2.844,9999.0,0.0,,,,
2020-03-22 05:19:11.619000-06:00,,,,2.917,600.0,0.0,10.4
2020-03-22 05:19:16.648000-06:00,2.844,9999.0,0.0,,,,
2020-03-22 05:29:17.355000-06:00,,,,2.917,600.0,0.0,10.4
2020-03-22 05:29:17.787000-06:00,2.844,9999.0,0.0,,,,
2020-03-22 05:39:10.562000-06:00,2.841,9999.0,0.0,,,,
2020-03-22 05:39:18.852000-06:00,,,,2.917,600.0,0.0,10.4
2020-03-22 05:49:18.087000-06:00,,,,2.917,600.0,0.0,10.4
2020-03-22 05:49:18.088000-06:00,2.844,9999.0,0.0,,,,
2020-03-22 05:59:11.170000-06:00,2.844,9999.0,0.0,,,,
2020-03-22 05:59:16.084000-06:00,,,,2.917,600.0,0.0,10.4
2020-03-22 06:09:16.057000-06:00,,,,2.917,600.0,0.0,10.4
2020-03-22 06:09:16.831000-06:00,2.844,9999.0,0.0,,,,
2020-03-22 06:19:16.043000-06:00,,,,2.917,600.0,0.0,10.4
2020-03-22 06:19:16.703000-06:00,2.844,9999.0,0.0,,,,
2020-03-22 06:29:13.904000-06:00,2.844,9999.0,0.0,,,,
2020-03-22 06:29:15.988000-06:00,,,,2.917,600.0,0.0,10.4
2020-03-22 06:39:14.289000-06:00,2.844,9999.0,0.0,,,,
2020-03-22 06:39:16.134000-06:00,,,,2.917,600.0,0.0,10.4
2020-03-22 06:49:16.431000-06:00,,,,2.917,600.0,0.0,10.4
2020-03-22 06:49:17.615000-06:00,2.844,9999.0,0.0,,,,
2020-03-22 06:59:11.757000-06:00,2.841,9999.0,0.0,,,,
2020-03-22 06:59:16.771000-06:00,,,,2.917,600.0,0.0,10.4
2020-03-22 07:09:10.547000-06:00,2.844,9999.0,0.0,,,,
2020-03-22 07:09:15.460000-06:00,,,,2.917,600.0,0.0,10.4
2020-03-22 07:19:17.072000-06:00,,,,2.917,600.0,0.0,10.4
2020-03-22 07:29:10.796000-06:00,2.844,9999.0,0.0,,,,
2020-03-22 07:29:14.331000-06:00,,,,2.917,600.0,0.0,10.4
2020-03-22 07:39:12.638000-06:00,2.841,9999.0,0.0,,,,
2020-03-22 07:39:12.821000-06:00,,,,2.917,600.0,0.0,10.4
2020-03-22 07:49:15.825000-06:00,,,,2.917,600.0,0.0,10.4
2020-03-22 07:49:17.814000-06:00,2.844,9999.0,0.0,,,,
2020-03-22 07:59:10.682000-06:00,2.844,9999.0,0.0,,,,
2020-03-22 07:59:17.824000-06:00,,,,2.917,600.0,0.0,10.4
2020-03-22 08:09:13.917000-06:00,2.846,9999.0,0.0,,,,
2020-03-22 08:09:17.823000-06:00,,,,2.917,600.0,0.0,10.4
2020-03-22 08:19:14.374000-06:00,2.844,9999.0,0.0,,,,
2020-03-22 08:19:17.827000-06:00,,,,2.917,600.0,0.0,10.4
2020-03-22 08:29:13.846000-06:00,,,,2.917,600.0,0.0,10.4
2020-03-22 08:29:17.302000-06:00,2.846,9999.0,0.0,,,,
2020-03-22 08:39:13.890000-06:00,,,,2.915,600.0,0.0,10.4
2020-03-22 08:39:15.179000-06:00,2.846,9999.0,0.0,,,,
2020-03-22 08:49:11.419000-06:00,2.846,9999.0,0.0,,,,
2020-03-22 08:49:13.724000-06:00,,,,2.917,600.0,0.0,10.4
2020-03-22 08:59:13.649000-06:00,,,,2.917,600.0,0.0,10.4
2020-03-22 08:59:15.897000-06:00,2.846,9999.0,0.0,,,,
2020-03-22 09:09:14.896000-06:00,2.849,9999.0,0.0,,,,
2020-03-22 09:09:17.271000-06:00,,,,2.915,600.0,0.0,10.4
2020-03-22 09:19:16.884000-06:00,2.849,9999.0,0.0,,,,
2020-03-22 09:19:18.478000-06:00,,,,2.915,600.0,0.0,10.4
2020-03-22 09:29:14.934000-06:00,,,,2.915,600.0,0.0,10.4
2020-03-22 09:39:12.863000-06:00,2.849,9999.0,0.0,,,,
2020-03-22 09:39:14.089000-06:00,,,,2.915,600.0,0.0,10.4
2020-03-22 09:49:12.154000-06:00,,,,2.915,600.0,0.0,10.4
2020-03-22 09:49:15.340000-06:00,2.851,500.0,0.0,,,,
2020-03-22 09:59:15.330000-06:00,2.849,9999.0,0.0,,,,
2020-03-22 09:59:16.535000-06:00,,,,2.912,600.0,0.0,10.4
2020-03-22 10:09:15.289000-06:00,2.849,9999.0,0.0,,,,
2020-03-22 10:09:15.331000-06:00,,,,2.915,600.0,0.0,10.4
2020-03-22 10:19:11.278000-06:00,2.849,9999.0,0.0,,,,
2020-03-22 10:19:14.668000-06:00,,,,2.915,600.0,0.0,10.4
2020-03-22 10:29:15.214000-06:00,2.851,500.0,0.0,,,,
2020-03-22 10:29:15.591000-06:00,,,,2.912,600.0,0.0,10.4
2020-03-22 10:39:15.090000-06:00,2.849,9999.0,0.0,,,,
2020-03-22 10:49:14.425000-06:00,,,,2.912,600.0,0.0,10.4
2020-03-22 10:49:15.397000-06:00,2.851,9999.0,0.0,,,,
2020-03-22 10:59:12-06:00,2.849,9999.0,0.0,,,,
2020-03-22 10:59:14.880000-06:00,,,,2.912,600.0,0.0,10.4
2020-03-22 11:09:14.696000-06:00,2.849,9999.0,0.0,,,,
2020-03-22 11:09:18.038000-06:00,,,,2.912,600.0,0.0,10.4
2020-03-22 11:19:12.116000-06:00,,,,2.912,600.0,0.0,10.4
2020-03-22 11:19:16.108000-06:00,2.849,9999.0,0.0,,,,
2020-03-22 11:29:12.299000-06:00,,,,2.912,600.0,0.0,10.4
2020-03-22 11:29:13.468000-06:00,2.849,9999.0,0.0,,,,
2020-03-22 11:39:14.915000-06:00,,,,2.912,600.0,0.0,10.4
2020-03-22 11:39:15.699000-06:00,2.849,9999.0,0.0,,,,
2020-03-22 11:49:14.157000-06:00,2.849,9999.0,0.0,,,,
2020-03-22 11:49:18.157000-06:00,,,,2.912,600.0,0.0,10.4
2020-03-22 11:59:16.646000-06:00,,,,2.912,600.0,0.0,10.4
2020-03-22 11:59:17.051000-06:00,2.849,9999.0,0.0,,,,
2020-03-22 12:09:11.641000-06:00,,,,2.91,600.0,0.0,10.4
2020-03-22 12:09:15.421000-06:00,2.851,500.0,0.0,,,,
2020-03-22 12:19:15.657000-06:00,2.849,500.0,0.0,,,,
2020-03-22 12:19:17.636000-06:00,,,,2.912,600.0,0.0,10.4
2020-03-22 12:29:13.647000-06:00,,,,2.91,600.0,0.0,10.4
2020-03-22 12:29:14.111000-06:00,2.849,500.0,0.0,,,,
2020-03-22 12:39:13.675000-06:00,,,,2.912,600.0,0.0,10.4
2020-03-22 12:39:17.069000-06:00,2.846,9999.0,0.0,,,,
2020-03-22 12:49:10.983000-06:00,2.849,9999.0,0.0,,,,
2020-03-22 12:49:17.729000-06:00,,,,2.905,600.0,0.1,10.5
2020-03-22 12:59:13.588000-06:00,,,,2.902,600.0,0.0,10.5
2020-03-22 12:59:15.326000-06:00,2.849,9999.0,0.0,,,,
2020-03-22 13:09:15.530000-06:00,2.846,9999.0,0.0,,,,
2020-03-22 13:09:17.307000-06:00,,,,2.902,600.0,0.0,10.5
2020-03-22 13:19:13.956000-06:00,2.849,9999.0,0.0,,,,
2020-03-22 13:19:16.772000-06:00,,,,2.902,600.0,0.0,10.5
2020-03-22 13:29:13.333000-06:00,2.849,9999.0,0.0,,,,
2020-03-22 13:29:13.717000-06:00,,,,2.902,600.0,0.0,10.5
2020-03-22 13:39:11.543000-06:00,2.849,9999.0,0.0,,,,
2020-03-22 13:39:15.854000-06:00,,,,2.902,600.0,0.2,10.700000000000001
2020-03-22 13:49:13.978000-06:00,2.849,9999.0,0.0,,,,
2020-03-22 13:49:16.156000-06:00,,,,2.902,600.0,0.0,10.700000000000001
2020-03-22 13:59:16.491000-06:00,,,,2.902,600.0,0.5,11.200000000000001
2020-03-22 13:59:16.912000-06:00,2.849,500.0,0.0,,,,
2020-03-22 14:09:11.201000-06:00,,,,2.9,600.0,0.0,11.200000000000001
2020-03-22 14:09:15.261000-06:00,2.846,9999.0,0.0,,,,
2020-03-22 14:19:11.457000-06:00,2.846,9999.0,0.0,,,,
2020-03-22 14:19:16.841000-06:00,,,,2.902,600.0,0.0,11.200000000000001
2020-03-22 14:29:13.885000-06:00,,,,2.902,600.0,0.0,11.200000000000001
2020-03-22 14:29:13.898000-06:00,2.846,9999.0,0.0,,,,
2020-03-22 14:39:12.264000-06:00,,,,2.902,600.0,0.0,11.200000000000001
2020-03-22 14:39:16.788000-06:00,2.846,9999.0,0.0,,,,
2020-03-22 14:49:11.023000-06:00,,,,2.902,600.0,0.7000000000000001,11.9
2020-03-22 14:49:11.058000-06:00,2.846,9999.0,0.0,,,,
2020-03-22 14:59:11.601000-06:00,2.849,500.0,0.0,,,,
2020-03-22 14:59:18.531000-06:00,,,,2.902,600.0,0.0,11.9
2020-03-22 15:09:14.225000-06:00,2.846,9999.0,0.0,,,,
2020-03-22 15:09:15.582000-06:00,,,,2.902,600.0,0.6000000000000001,12.5
2020-03-22 15:19:13.415000-06:00,,,,2.902,600.0,0.0,12.5
2020-03-22 15:19:16.430000-06:00,2.846,9999.0,0.0,,,,
2020-03-22 15:29:15.922000-06:00,2.844,9999.0,0.0,,,,
2020-03-22 15:29:17.108000-06:00,,,,2.9,600.0,0.0,12.5
2020-03-22 15:39:12.733000-06:00,,,,2.902,600.0,0.0,12.5
2020-03-22 15:39:16.902000-06:00,2.846,9999.0,0.0,,,,
2020-03-22 15:49:10.905000-06:00,2.846,9999.0,0.0,,,,
2020-03-22 15:49:14.008000-06:00,,,,2.902,600.0,0.0,12.5
2020-03-22 15:59:14.879000-06:00,2.846,9999.0,0.0,,,,
2020-03-22 15:59:16.317000-06:00,,,,2.902,600.0,0.0,12.5
2020-03-22 16:09:14.836000-06:00,2.846,500.0,0.0,,,,
2020-03-22 16:09:15.204000-06:00,,,,2.902,600.0,0.0,12.5
2020-03-22 16:19:12.984000-06:00,,,,2.902,600.0,0.0,12.5
2020-03-22 16:19:14.747000-06:00,2.846,9999.0,0.0,,,,
2020-03-22 16:29:10.632000-06:00,2.846,9999.0,0.0,,,,
2020-03-22 16:29:18.280000-06:00,,,,2.902,600.0,0.0,12.5
2020-03-22 16:39:11.163000-06:00,,,,2.91,600.0,0.1,12.600000000000001
2020-03-22 16:39:14.893000-06:00,2.846,9999.0,0.0,,,,
2020-03-22 16:49:15.389000-06:00,2.846,9999.0,0.0,,,,
2020-03-22 16:49:16.940000-06:00,,,,2.91,600.0,0.0,12.600000000000001
2020-03-22 16:59:14.436000-06:00,2.846,9999.0,0.0,,,,
2020-03-22 16:59:18.485000-06:00,,,,2.902,600.0,0.2,12.8
2020-03-22 17:09:11.335000-06:00,,,,2.902,600.0,0.0,12.8
2020-03-22 17:09:12.537000-06:00,2.846,500.0,0.0,,,,
2020-03-22 17:19:12.249000-06:00,2.846,500.0,0.0,,,,
2020-03-22 17:19:13.047000-06:00,,,,2.902,600.0,0.0,12.8
2020-03-22 17:29:11.645000-06:00,2.846,500.0,0.0,,,,
2020-03-22 17:29:12.502000-06:00,,,,2.902,600.0,0.0,12.8
2020-03-22 17:39:13.633000-06:00,,,,2.902,600.0,0.0,12.8
2020-03-22 17:49:15.238000-06:00,2.846,500.0,0.0,,,,
2020-03-22 17:49:15.923000-06:00,,,,2.9,600.0,0.0,12.8
2020-03-22 17:59:09.683000-06:00,2.844,9999.0,0.0,,,,
2020-03-22 17:59:12.252000-06:00,,,,2.902,600.0,0.0,12.8
2020-03-22 18:09:10.942000-06:00,,,,2.902,600.0,0.0,12.8
2020-03-22 18:09:12.631000-06:00,2.846,500.0,0.0,,,,
2020-03-22 18:19:12.560000-06:00,,,,2.902,600.0,0.0,12.8
2020-03-22 18:19:14.537000-06:00,2.844,9999.0,0.0,,,,
2020-03-22 18:29:13.801000-06:00,,,,2.902,600.0,0.0,12.8
2020-03-22 18:39:11.419000-06:00,2.844,9999.0,0.0,,,,
2020-03-22 18:39:16.314000-06:00,,,,2.902,600.0,0.0,12.8
2020-03-22 18:49:10.103000-06:00,2.844,9999.0,0.0,,,,
2020-03-22 18:49:11.330000-06:00,,,,2.902,600.0,0.0,12.8
2020-03-22 18:59:13.376000-06:00,,,,2.902,600.0,0.0,12.8
2020-03-22 18:59:15.494000-06:00,2.844,500.0,0.0,,,,
2020-03-22 19:09:12.804000-06:00,2.844,9999.0,0.0,,,,
2020-03-22 19:09:17.242000-06:00,,,,2.9,600.0,0.0,12.8
2020-03-22 19:19:12.947000-06:00,,,,2.9,600.0,0.0,12.8
2020-03-22 19:19:14.918000-06:00,2.841,9999.0,0.0,,,,
2020-03-22 19:29:09.665000-06:00,2.841,9999.0,0.0,,,,
2020-03-22 19:29:16.399000-06:00,,,,2.902,600.0,0.0,12.8
2020-03-22 19:39:17.193000-06:00,2.841,9999.0,0.0,,,,
2020-03-22 19:39:17.548000-06:00,,,,2.9,600.0,0.0,12.8
2020-03-22 19:49:11.838000-06:00,,,,2.9,600.0,0.0,12.8
2020-03-22 19:49:14.225000-06:00,2.841,9999.0,0.0,,,,
2020-03-22 19:59:12.205000-06:00,,,,2.902,600.0,0.0,12.8
2020-03-22 19:59:16.306000-06:00,2.841,9999.0,0.0,,,,
2020-03-22 20:09:14.935000-06:00,,,,2.9,600.0,0.0,12.8
2020-03-22 20:09:15.994000-06:00,2.844,500.0,0.0,,,,
2020-03-22 20:19:11.392000-06:00,2.841,500.0,0.0,,,,
2020-03-22 20:19:16.409000-06:00,,,,2.902,600.0,0.0,12.8
2020-03-22 20:29:12.682000-06:00,2.841,9999.0,0.0,,,,
2020-03-22 20:29:17.351000-06:00,,,,2.9,600.0,0.0,12.8
2020-03-22 20:39:11.285000-06:00,2.841,9999.0,0.0,,,,
2020-03-22 20:39:15.513000-06:00,,,,2.9,600.0,0.0,12.8
2020-03-22 20:49:13.973000-06:00,2.841,9999.0,0.0,,,,
2020-03-22 20:49:15.564000-06:00,,,,2.9,600.0,0.0,12.8
2020-03-22 20:59:11.396000-06:00,2.839,9999.0,0.0,,,,
2020-03-22 20:59:15.954000-06:00,,,,2.9,600.0,0.0,12.8
2020-03-22 21:09:14.733000-06:00,,,,2.902,600.0,0.0,12.8
2020-03-22 21:09:16.708000-06:00,2.839,9999.0,0.0,,,,
2020-03-22 21:19:14.866000-06:00,2.841,9999.0,0.0,,,,
2020-03-22 21:19:18.277000-06:00,,,,2.902,600.0,0.0,12.8
2020-03-22 21:29:11.137000-06:00,,,,2.902,600.0,0.0,12.8
2020-03-22 21:29:13.701000-06:00,2.839,9999.0,0.0,,,,
2020-03-22 21:39:12.895000-06:00,2.841,9999.0,0.0,,,,
2020-03-22 21:39:16.841000-06:00,,,,2.902,600.0,0.0,12.8
2020-03-22 21:49:09.737000-06:00,2.839,9999.0,0.0,,,,
2020-03-22 21:49:12.278000-06:00,,,,2.902,600.0,0.0,12.8
2020-03-22 21:59:13.402000-06:00,,,,2.902,600.0,0.0,12.8
2020-03-22 21:59:16.951000-06:00,2.841,9999.0,0.0,,,,
2020-03-22 22:09:09.396000-06:00,2.844,500.0,0.0,,,,
2020-03-22 22:09:15.653000-06:00,,,,2.902,600.0,0.0,12.8
2020-03-22 22:19:12.282000-06:00,2.841,500.0,0.0,,,,
2020-03-22 22:19:16.154000-06:00,,,,2.902,600.0,0.0,12.8
2020-03-22 22:29:11.167000-06:00,,,,2.902,600.0,0.0,12.8
2020-03-22 22:29:14.543000-06:00,2.844,500.0,0.0,,,,
2020-03-22 22:39:13.196000-06:00,,,,2.902,600.0,0.0,12.8
2020-03-22 22:39:15.118000-06:00,2.844,500.0,0.0,,,,
2020-03-22 22:49:09.755000-06:00,2.844,500.0,0.0,,,,
2020-03-22 22:49:13.020000-06:00,,,,2.905,600.0,0.0,12.8
2020-03-22 22:59:11.530000-06:00,2.844,500.0,0.0,,,,
2020-03-22 22:59:12.926000-06:00,,,,2.902,600.0,0.0,12.8
2020-03-22 23:09:13.073000-06:00,2.844,500.0,0.0,,,,
2020-03-22 23:09:16.722000-06:00,,,,2.905,600.0,0.0,12.8
2020-03-22 23:19:09.696000-06:00,2.844,500.0,0.0,,,,
2020-03-22 23:19:18.074000-06:00,,,,2.905,600.0,0.0,12.8
2020-03-22 23:29:11.431000-06:00,2.844,500.0,0.0,,,,
2020-03-22 23:29:14.792000-06:00,,,,2.905,600.0,0.0,12.8
2020-03-22 23:39:12.227000-06:00,,,,2.902,600.0,0.0,12.8
2020-03-22 23:39:16.942000-06:00,2.844,500.0,0.0,,,,
2020-03-22 23:49:13.351000-06:00,,,,2.905,600.0,0.0,12.8
2020-03-22 23:49:13.958000-06:00,2.844,500.0,0.0,,,,
2020-03-22 23:59:11.632000-06:00,,,,2.905,600.0,0.0,12.8
2020-03-22 23:59:12.017000-06:00,2.844,500.0,0.0,,,,
2020-03-23 00:09:16.123000-06:00,2.844,500.0,0.0,,,,
2020-03-23 00:09:16.163000-06:00,,,,2.905,600.0,0.0,12.8
2020-03-23 00:19:11.013000-06:00,,,,2.902,600.0,0.0,12.8
2020-03-23 00:19:11.824000-06:00,2.841,500.0,0.0,,,,
2020-03-23 00:29:11.282000-06:00,2.844,500.0,0.0,,,,
2020-03-23 00:29:12.937000-06:00,,,,2.905,600.0,0.0,12.8
2020-03-23 00:39:16.165000-06:00,2.844,500.0,0.0,,,,
2020-03-23 00:39:16.538000-06:00,,,,2.905,600.0,0.0,12.8
2020-03-23 00:49:10.458000-06:00,2.841,500.0,0.0,,,,
2020-03-23 00:49:13.746000-06:00,,,,2.905,600.0,0.0,12.8
2020-03-23 00:59:11.017000-06:00,2.841,9999.0,0.0,,,,
2020-03-23 00:59:14.191000-06:00,,,,2.902,600.0,0.0,12.8
2020-03-23 01:09:09.686000-06:00,2.844,500.0,0.0,,,,
2020-03-23 01:09:13.546000-06:00,,,,2.905,600.0,0.0,12.8
2020-03-23 01:19:11.794000-06:00,,,,2.905,600.0,0.0,12.8
2020-03-23 01:19:15.504000-06:00,2.841,500.0,0.0,,,,
2020-03-23 01:29:10.282000-06:00,,,,2.905,600.0,0.0,12.8
2020-03-23 01:29:16.653000-06:00,2.844,500.0,0.0,,,,
2020-03-23 01:39:13.467000-06:00,2.844,500.0,0.0,,,,
2020-03-23 01:39:17.263000-06:00,,,,2.902,600.0,0.0,12.8
2020-03-23 01:49:12.560000-06:00,2.844,500.0,0.0,,,,
2020-03-23 01:49:15.243000-06:00,,,,2.902,600.0,0.0,12.8
2020-03-23 01:59:09.322000-06:00,2.844,500.0,0.0,,,,
2020-03-23 01:59:11.204000-06:00,,,,2.902,600.0,0.0,12.8
2020-03-23 02:09:11.356000-06:00,,,,2.905,600.0,0.0,12.8
2020-03-23 02:09:16.858000-06:00,2.844,500.0,0.0,,,,
2020-03-23 02:19:09.892000-06:00,2.844,500.0,0.0,,,,
2020-03-23 02:19:15.424000-06:00,,,,2.905,600.0,0.0,12.8
2020-03-23 02:29:11.987000-06:00,2.844,500.0,0.0,,,,
2020-03-23 02:29:15.837000-06:00,,,,2.902,600.0,0.0,12.8
2020-03-23 02:39:10.401000-06:00,,,,2.902,600.0,0.0,12.8
2020-03-23 02:39:15.647000-06:00,2.841,500.0,0.0,,,,
2020-03-23 02:49:11.044000-06:00,2.844,500.0,0.0,,,,
2020-03-23 02:49:13.784000-06:00,,,,2.905,600.0,0.0,12.8
2020-03-23 02:59:10.568000-06:00,,,,2.905,600.0,0.0,12.8
2020-03-23 02:59:16.310000-06:00,2.841,500.0,0.0,,,,
2020-03-23 03:09:14.835000-06:00,2.844,500.0,0.0,,,,
2020-03-23 03:09:17.897000-06:00,,,,2.905,600.0,0.0,12.8
2020-03-23 03:19:13.873000-06:00,2.844,500.0,0.0,,,,
2020-03-23 03:19:14.790000-06:00,,,,2.905,600.0,0.0,12.8
2020-03-23 03:29:11.496000-06:00,2.841,500.0,0.0,,,,
2020-03-23 03:29:12.580000-06:00,,,,2.905,600.0,0.0,12.8
2020-03-23 03:39:11.232000-06:00,2.844,500.0,0.0,,,,
2020-03-23 03:39:17.926000-06:00,,,,2.905,600.0,0.0,12.8
2020-03-23 03:49:10.603000-06:00,,,,2.905,600.0,0.0,12.8
2020-03-23 03:49:12.722000-06:00,2.844,500.0,0.0,,,,
2020-03-23 03:59:09.737000-06:00,2.841,500.0,0.0,,,,
2020-03-23 03:59:16.226000-06:00,,,,2.902,600.0,0.0,12.8
2020-03-23 04:09:11.753000-06:00,2.841,500.0,0.0,,,,
2020-03-23 04:09:17.493000-06:00,,,,2.905,600.0,0.0,12.8
2020-03-23 04:19:11.993000-06:00,,,,2.905,600.0,0.0,12.8
2020-03-23 04:19:15.759000-06:00,2.841,500.0,0.0,,,,
2020-03-23 04:29:11.032000-06:00,,,,2.905,600.0,0.0,12.8
2020-03-23 04:29:15.831000-06:00,2.841,9999.0,0.0,,,,
2020-03-23 04:39:15.485000-06:00,2.844,500.0,0.0,,,,
2020-03-23 04:39:16.859000-06:00,,,,2.905,600.0,0.0,12.8
2020-03-23 04:49:12.753000-06:00,,,,2.905,600.0,0.0,12.8
2020-03-23 04:49:15.280000-06:00,2.841,500.0,0.0,,,,
2020-03-23 04:59:12.860000-06:00,2.841,500.0,0.0,,,,
2020-03-23 04:59:16.542000-06:00,,,,2.902,600.0,0.0,12.8
2020-03-23 05:09:09.571000-06:00,2.839,9999.0,0.0,,,,
2020-03-23 05:09:17.898000-06:00,,,,2.905,600.0,0.0,12.8
2020-03-23 05:19:10.576000-06:00,,,,2.905,600.0,0.0,12.8
2020-03-23 05:19:14.948000-06:00,2.839,9999.0,0.0,,,,
2020-03-23 05:39:13.486000-06:00,,,,2.905,600.0,0.0,12.8
2020-03-23 05:39:14.806000-06:00,2.839,9999.0,0.0,,,,
2020-03-23 05:49:09.433000-06:00,2.841,500.0,0.0,,,,
2020-03-23 05:49:12.010000-06:00,,,,2.905,600.0,0.0,12.8
2020-03-23 05:59:10.840000-06:00,,,,2.902,600.0,0.0,12.8
2020-03-23 05:59:15.222000-06:00,2.839,9999.0,0.0,,,,
2020-03-23 06:09:12.746000-06:00,,,,2.905,600.0,0.0,12.8
2020-03-23 06:09:16.810000-06:00,2.841,500.0,0.0,,,,
2020-03-23 06:19:09.446000-06:00,2.836,9999.0,0.0,,,,
2020-03-23 06:19:16.312000-06:00,,,,2.905,600.0,0.0,12.8
2020-03-23 06:29:11.266000-06:00,2.841,500.0,0.0,,,,
2020-03-23 06:29:17.689000-06:00,,,,2.905,600.0,0.0,12.8
2020-03-23 06:39:12.413000-06:00,2.841,500.0,0.0,,,,
2020-03-23 06:39:14.455000-06:00,,,,2.905,600.0,0.0,12.8
2020-03-23 06:49:09.210000-06:00,2.841,500.0,0.0,,,,
2020-03-23 06:49:13.982000-06:00,,,,2.905,600.0,0.0,12.8
2020-03-23 06:59:11.028000-06:00,,,,2.905,600.0,0.0,12.8
2020-03-23 06:59:12.820000-06:00,2.841,500.0,0.0,,,,
2020-03-23 07:09:13.529000-06:00,2.841,500.0,0.0,,,,
2020-03-23 07:09:16.893000-06:00,,,,2.905,600.0,0.0,12.8
2020-03-23 07:19:10.963000-06:00,2.841,500.0,0.0,,,,
2020-03-23 07:19:12.641000-06:00,,,,2.905,600.0,0.0,12.8
2020-03-23 07:29:16.096000-06:00,,,,2.905,600.0,0.0,12.8
2020-03-23 07:29:16.332000-06:00,2.841,500.0,0.0,,,,
2020-03-23 07:39:14.567000-06:00,2.841,500.0,0.0,,,,
2020-03-23 07:39:17.273000-06:00,,,,2.905,600.0,0.0,12.8
2020-03-23 07:49:11.390000-06:00,,,,2.905,600.0,0.0,12.8
2020-03-23 07:49:13.013000-06:00,2.841,500.0,0.0,,,,
2020-03-23 07:59:11.610000-06:00,,,,2.905,600.0,0.0,12.8
2020-03-23 07:59:11.970000-06:00,2.841,500.0,0.0,,,,
2020-03-23 08:09:09.848000-06:00,2.841,500.0,0.0,,,,
2020-03-23 08:09:14.074000-06:00,,,,2.905,600.0,0.0,12.8
2020-03-23 08:19:14.123000-06:00,2.844,500.0,0.0,,,,
2020-03-23 08:19:17.224000-06:00,,,,2.905,600.0,0.0,12.8
2020-03-23 08:29:14.699000-06:00,2.844,500.0,0.0,,,,
2020-03-23 08:29:15.309000-06:00,,,,2.905,600.0,0.0,12.8
2020-03-23 08:39:09.331000-06:00,2.846,500.0,0.0,,,,
2020-03-23 08:39:11.703000-06:00,,,,2.902,600.0,0.0,12.8
2020-03-23 08:49:11.088000-06:00,2.846,500.0,0.0,,,,
2020-03-23 08:49:14.262000-06:00,,,,2.905,600.0,0.0,12.8
2020-03-23 08:59:12.662000-06:00,2.849,500.0,0.0,,,,
2020-03-23 08:59:17.641000-06:00,,,,2.902,600.0,0.0,12.8
2020-03-23 09:09:09.298000-06:00,2.846,9999.0,0.0,,,,
2020-03-23 09:09:10.415000-06:00,,,,2.902,600.0,0.0,12.8
2020-03-23 09:19:11.055000-06:00,2.846,9999.0,0.0,,,,
2020-03-23 09:19:13.971000-06:00,,,,2.902,600.0,0.0,12.8
2020-03-23 09:29:10.832000-06:00,,,,2.902,600.0,0.0,12.8
2020-03-23 09:29:16.616000-06:00,2.846,9999.0,0.0,,,,
2020-03-23 09:39:13.260000-06:00,2.846,9999.0,0.0,,,,
2020-03-23 09:39:16.560000-06:00,,,,2.902,600.0,0.0,12.8
2020-03-23 09:49:11.072000-06:00,2.846,9999.0,0.0,,,,
2020-03-23 09:49:16.014000-06:00,,,,2.902,600.0,0.0,12.8
2020-03-23 09:59:16.661000-06:00,2.846,9999.0,0.0,,,,
2020-03-23 09:59:16.946000-06:00,,,,2.9,600.0,0.0,12.8
2020-03-23 10:09:09.365000-06:00,2.846,9999.0,0.0,,,,
2020-03-23 10:09:15.064000-06:00,,,,2.902,600.0,0.0,12.8
2020-03-23 10:19:14.821000-06:00,2.846,9999.0,0.0,,,,
2020-03-23 10:19:15.303000-06:00,,,,2.9,600.0,0.0,12.8
2020-03-23 10:29:15.684000-06:00,2.846,9999.0,0.0,,,,
2020-03-23 10:29:15.805000-06:00,,,,2.9,600.0,0.0,12.8
2020-03-23 10:39:09.986000-06:00,2.846,9999.0,0.0,,,,
2020-03-23 10:39:14.815000-06:00,,,,2.9,600.0,0.0,12.8
2020-03-23 10:49:10.530000-06:00,2.846,9999.0,0.0,,,,
2020-03-23 10:49:16.820000-06:00,,,,2.9,600.0,0.0,12.8
2020-03-23 10:59:12.863000-06:00,,,,2.9,600.0,0.0,12.8
2020-03-23 10:59:13.197000-06:00,2.846,9999.0,0.0,,,,
2020-03-23 11:09:12.691000-06:00,,,,2.9,600.0,0.0,12.8
2020-03-23 11:09:15.012000-06:00,2.846,9999.0,0.0,,,,
2020-03-23 11:19:12.371000-06:00,,,,2.907,600.0,0.4,13.200000000000001
2020-03-23 11:19:16.177000-06:00,2.846,500.0,0.0,,,,
2020-03-23 11:29:11.993000-06:00,,,,2.902,600.0,0.5,13.700000000000001
2020-03-23 11:29:13.001000-06:00,2.844,9999.0,0.0,,,,
2020-03-23 11:39:16.186000-06:00,2.846,500.0,0.0,,,,
2020-03-23 11:49:09.042000-06:00,2.846,500.0,0.0,,,,
2020-03-23 11:49:15.740000-06:00,,,,2.9,600.0,0.7000000000000001,14.700000000000001
2020-03-23 11:59:10.749000-06:00,,,,2.907,600.0,1.7000000000000002,16.400000000000002
2020-03-23 11:59:16.242000-06:00,2.846,500.0,0.0,,,,
2020-03-23 12:09:08.651000-06:00,2.846,9999.0,0.0,,,,
2020-03-23 12:09:12.782000-06:00,,,,2.9,600.0,2.1,18.5
2020-03-23 12:19:12.585000-06:00,,,,2.907,600.0,0.0,18.5
2020-03-23 12:19:15.534000-06:00,2.846,500.0,0.0,,,,
2020-03-23 12:29:12.468000-06:00,,,,2.91,600.0,1.6,20.1
2020-03-23 12:29:13.818000-06:00,2.844,9999.0,0.0,,,,
2020-03-23 12:39:14.344000-06:00,2.844,500.0,0.0,,,,
2020-03-23 12:39:16.255000-06:00,,,,2.907,600.0,2.1,22.200000000000003
2020-03-23 12:49:09.416000-06:00,2.846,500.0,0.0,,,,
2020-03-23 12:49:17.578000-06:00,,,,2.91,600.0,0.9,23.1
2020-03-23 12:59:14.484000-06:00,,,,2.91,600.0,3.2,26.3
2020-03-23 12:59:15.117000-06:00,2.844,9999.0,0.0,,,,
2020-03-23 13:09:10.492000-06:00,2.844,500.0,0.0,,,,
2020-03-23 13:09:12.032000-06:00,,,,2.907,600.0,7.1000000000000005,33.4
2020-03-23 13:19:11.783000-06:00,2.844,9999.0,0.0,,,,
2020-03-23 13:19:13.407000-06:00,,,,2.907,600.0,2.8000000000000003,36.2
2020-03-23 13:29:10.164000-06:00,,,,2.907,600.0,2.3000000000000003,38.5
2020-03-23 13:29:14.351000-06:00,2.846,9999.0,0.0,,,,
2020-03-23 13:39:12.994000-06:00,2.844,9999.0,0.0,,,,
2020-03-23 13:39:17.707000-06:00,,,,2.91,600.0,1.0,39.5
2020-03-23 13:49:10.778000-06:00,2.844,9999.0,0.0,,,,
2020-03-23 13:49:14.548000-06:00,,,,2.907,600.0,1.1,40.6
2020-03-23 13:59:12.457000-06:00,,,,2.91,600.0,1.9000000000000001,42.5
2020-03-23 13:59:15.923000-06:00,2.844,9999.0,0.0,,,,
2020-03-23 14:09:08.675000-06:00,2.846,9999.0,0.0,,,,
2020-03-23 14:09:16.066000-06:00,,,,2.907,600.0,3.9000000000000004,46.400000000000006
2020-03-23 14:19:13.269000-06:00,,,,2.9,600.0,1.5,47.900000000000006
2020-03-23 14:19:16.199000-06:00,2.846,500.0,0.0,,,,
2020-03-23 14:29:09.708000-06:00,,,,2.91,600.0,0.5,48.400000000000006
2020-03-23 14:29:13.237000-06:00,2.844,9999.0,0.0,,,,
2020-03-23 14:39:12.833000-06:00,,,,2.91,600.0,1.4000000000000001,49.800000000000004
2020-03-23 14:39:14.867000-06:00,2.841,9999.0,0.0,,,,
2020-03-23 14:49:11.085000-06:00,,,,2.902,600.0,3.8000000000000003,53.6
2020-03-23 14:49:14.614000-06:00,2.844,9999.0,0.0,,,,
2020-03-23 14:59:11.615000-06:00,,,,2.91,600.0,2.9000000000000004,56.5
2020-03-23 14:59:12.159000-06:00,2.844,9999.0,0.0,,,,
2020-03-23 15:09:09.223000-06:00,2.844,9999.0,0.0,,,,
2020-03-23 15:09:10.420000-06:00,,,,2.907,600.0,15.3,71.8
2020-03-23 15:19:12.300000-06:00,,,,2.907,600.0,18.1,89.9
2020-03-23 15:19:14.879000-06:00,2.846,500.0,0.0,,,,
2020-03-23 15:29:10.690000-06:00,2.844,9999.0,0.0,,,,
2020-03-23 15:29:16.067000-06:00,,,,2.902,600.0,17.7,107.60000000000001
2020-03-23 15:39:15.862000-06:00,2.846,500.0,0.0,,,,
2020-03-23 15:39:17.605000-06:00,,,,2.905,600.0,25.1,132.70000000000002
2020-03-23 15:49:12.668000-06:00,2.846,500.0,0.0,,,,
2020-03-23 15:49:14.430000-06:00,,,,2.905,600.0,13.4,146.1
2020-03-23 15:59:12.365000-06:00,,,,2.91,600.0,9.9,156.0
2020-03-23 15:59:15.835000-06:00,2.844,500.0,0.0,,,,
2020-03-23 16:09:11.968000-06:00,,,,2.91,600.0,6.7,162.70000000000002
2020-03-23 16:09:12.655000-06:00,2.844,500.0,0.0,,,,
2020-03-23 16:19:13.196000-06:00,,,,2.91,600.0,3.0,165.70000000000002
2020-03-23 16:19:15.788000-06:00,2.846,500.0,0.0,,,,
2020-03-23 16:29:08.594000-06:00,2.844,500.0,0.0,,,,
2020-03-23 16:29:09.675000-06:00,,,,2.902,600.0,4.3,170.0
2020-03-23 16:39:12.630000-06:00,,,,2.902,600.0,2.4000000000000004,172.4
2020-03-23 16:39:15.730000-06:00,2.844,500.0,0.0,,,,
2020-03-23 16:49:08.472000-06:00,2.844,500.0,0.0,,,,
2020-03-23 16:49:14.809000-06:00,,,,2.91,600.0,2.5,174.9
2020-03-23 16:59:10.911000-06:00,,,,2.9,600.0,6.1000000000000005,181.0
2020-03-23 16:59:15.998000-06:00,2.841,9999.0,0.0,,,,
2020-03-23 17:09:11.121000-06:00,,,,2.91,600.0,3.6,184.60000000000002
2020-03-23 17:09:13.100000-06:00,2.844,500.0,0.0,,,,
2020-03-23 17:19:09.566000-06:00,,,,2.902,600.0,6.0,190.60000000000002
2020-03-23 17:19:14.760000-06:00,2.844,9999.0,0.0,,,,
2020-03-23 17:29:14.582000-06:00,2.846,500.0,0.0,,,,
2020-03-23 17:29:16.712000-06:00,,,,2.91,600.0,4.7,195.3
2020-03-23 17:39:11.767000-06:00,2.846,500.0,0.0,,,,
2020-03-23 17:39:14.992000-06:00,,,,2.91,600.0,2.4000000000000004,197.70000000000002
2020-03-23 17:49:08.161000-06:00,2.846,9999.0,0.0,,,,
2020-03-23 17:49:11.318000-06:00,,,,2.905,600.0,7.1000000000000005,204.8
2020-03-23 17:59:10.243000-06:00,,,,2.91,600.0,12.9,217.70000000000002
2020-03-23 17:59:15.450000-06:00,2.846,500.0,0.0,,,,
2020-03-23 18:09:09.995000-06:00,2.846,500.0,0.0,,,,
2020-03-23 18:09:15.835000-06:00,,,,2.907,600.0,8.9,226.60000000000002
2020-03-23 18:19:08.674000-06:00,2.846,9999.0,0.0,,,,
2020-03-23 18:19:13.058000-06:00,,,,2.905,600.0,7.0,233.60000000000002
2020-03-23 18:29:10.480000-06:00,2.846,500.0,0.0,,,,
2020-03-23 18:29:13.499000-06:00,,,,2.907,600.0,4.0,237.60000000000002
2020-03-23 18:39:11.644000-06:00,2.846,500.0,0.0,,,,
2020-03-23 18:39:12.625000-06:00,,,,2.91,600.0,1.3,238.9
2020-03-23 18:49:10.908000-06:00,,,,2.91,600.0,0.1,239.0
2020-03-23 18:49:12.462000-06:00,2.844,9999.0,0.0,,,,
2020-03-23 18:59:11.215000-06:00,,,,2.907,600.0,2.5,241.5
2020-03-23 18:59:11.608000-06:00,2.844,500.0,0.0,,,,
2020-03-23 19:09:12.396000-06:00,2.844,500.0,0.0,,,,
2020-03-23 19:09:14.107000-06:00,,,,2.905,600.0,2.7,244.20000000000002
2020-03-23 19:19:11.536000-06:00,2.841,9999.0,0.0,,,,
2020-03-23 19:19:11.893000-06:00,,,,2.9,600.0,0.5,244.70000000000002
2020-03-23 19:29:08.272000-06:00,2.841,500.0,0.0,,,,
2020-03-23 19:29:17.210000-06:00,,,,2.912,600.0,0.5,245.20000000000002
2020-03-23 19:39:11.824000-06:00,2.841,9999.0,0.0,,,,
2020-03-23 19:39:14.122000-06:00,,,,2.912,600.0,2.0,247.20000000000002
2020-03-23 19:49:08.884000-06:00,2.841,500.0,0.0,,,,
2020-03-23 19:49:15.692000-06:00,,,,2.912,600.0,0.0,247.20000000000002
2020-03-23 19:59:10.540000-06:00,2.841,500.0,0.0,,,,
2020-03-23 19:59:17.084000-06:00,,,,2.9,600.0,0.30000000000000004,247.5
2020-03-23 20:09:09.648000-06:00,,,,2.9,600.0,0.0,247.5
2020-03-23 20:09:14.378000-06:00,2.841,500.0,0.0,,,,
2020-03-23 20:19:15.534000-06:00,2.839,9999.0,0.0,,,,
2020-03-23 20:19:17.025000-06:00,,,,2.9,600.0,0.0,247.5
2020-03-23 20:29:09.788000-06:00,,,,2.9,600.0,0.0,247.5
2020-03-23 20:29:12.391000-06:00,2.841,500.0,0.0,,,,
2020-03-23 20:39:11.590000-06:00,2.841,500.0,0.0,,,,
2020-03-23 20:39:17.322000-06:00,,,,2.9,600.0,0.0,247.5
2020-03-23 20:49:07.972000-06:00,2.841,500.0,0.0,,,,
2020-03-23 20:49:14.152000-06:00,,,,2.9,600.0,0.0,247.5
2020-03-23 20:59:15.297000-06:00,2.841,500.0,0.0,,,,
2020-03-23 20:59:16.064000-06:00,,,,2.9,600.0,0.0,247.5
2020-03-23 21:09:09.425000-06:00,2.839,500.0,0.0,,,,
2020-03-23 21:09:15.631000-06:00,,,,2.9,600.0,0.0,247.5
2020-03-23 21:19:08.198000-06:00,2.841,500.0,0.0,,,,
2020-03-23 21:19:13.046000-06:00,,,,2.9,600.0,0.0,247.5
2020-03-23 21:29:09.629000-06:00,,,,2.9,600.0,0.0,247.5
2020-03-23 21:29:11.745000-06:00,2.839,9999.0,0.0,,,,
2020-03-23 21:39:08.372000-06:00,2.841,9999.0,0.0,,,,
2020-03-23 21:39:17.054000-06:00,,,,2.9,600.0,0.0,247.5
2020-03-23 21:49:09.656000-06:00,,,,2.902,600.0,0.0,247.5
2020-03-23 21:49:10.131000-06:00,2.841,500.0,0.0,,,,
2020-03-23 21:59:12.853000-06:00,,,,2.9,600.0,0.0,247.5
2020-03-23 21:59:15.663000-06:00,2.839,9999.0,0.0,,,,
2020-03-23 22:09:12.705000-06:00,2.841,500.0,0.0,,,,
2020-03-23 22:09:13.503000-06:00,,,,2.9,600.0,0.1,247.60000000000002
2020-03-23 22:19:10.341000-06:00,2.839,9999.0,0.0,,,,
2020-03-23 22:19:16.582000-06:00,,,,2.9,600.0,0.0,247.60000000000002
2020-03-23 22:29:14.103000-06:00,2.839,500.0,0.0,,,,
2020-03-23 22:29:14.988000-06:00,,,,2.902,600.0,0.1,247.70000000000002
2020-03-23 22:39:09.551000-06:00,,,,2.902,600.0,0.0,247.70000000000002
2020-03-23 22:39:11.607000-06:00,2.839,9999.0,0.0,,,,
2020-03-23 22:49:08.692000-06:00,2.839,9999.0,0.0,,,,
2020-03-23 22:49:16.952000-06:00,,,,2.902,600.0,0.0,247.70000000000002
2020-03-23 22:59:09.760000-06:00,,,,2.902,600.0,0.0,247.70000000000002
2020-03-23 22:59:10.314000-06:00,2.841,500.0,0.0,,,,
2020-03-23 23:09:10.102000-06:00,2.841,500.0,0.0,,,,
2020-03-23 23:09:17.135000-06:00,,,,2.9,600.0,0.0,247.70000000000002
2020-03-23 23:19:13.869000-06:00,,,,2.902,600.0,0.0,247.70000000000002
2020-03-23 23:19:15.664000-06:00,2.841,500.0,0.0,,,,
2020-03-23 23:29:12.340000-06:00,2.841,500.0,0.0,,,,
2020-03-23 23:29:15.367000-06:00,,,,2.9,600.0,0.0,247.70000000000002
2020-03-23 23:39:10.150000-06:00,2.841,500.0,0.0,,,,
2020-03-23 23:39:16.338000-06:00,,,,2.902,600.0,0.0,247.70000000000002
2020-03-23 23:49:10.332000-06:00,,,,2.902,600.0,0.0,247.70000000000002
2020-03-23 23:49:15.318000-06:00,2.841,500.0,0.0,,,,
2020-03-23 23:59:08.130000-06:00,2.839,9999.0,0.0,,,,
2020-03-23 23:59:14.281000-06:00,,,,2.902,600.0,0.0,247.70000000000002
2020-03-24 00:09:14.462000-06:00,,,,2.902,600.0,0.0,247.70000000000002
2020-03-24 00:09:15.309000-06:00,2.839,500.0,0.0,,,,
2020-03-24 00:19:12.113000-06:00,2.839,9999.0,0.0,,,,
2020-03-24 00:19:14.551000-06:00,,,,2.902,600.0,0.0,247.70000000000002
2020-03-24 00:29:10.749000-06:00,,,,2.902,600.0,0.0,247.70000000000002
2020-03-24 00:29:15.289000-06:00,2.841,500.0,0.0,,,,
2020-03-24 00:39:12.093000-06:00,2.839,500.0,0.0,,,,
2020-03-24 00:49:15.257000-06:00,2.839,9999.0,0.0,,,,
2020-03-24 00:49:16.480000-06:00,,,,2.902,600.0,0.0,247.70000000000002
2020-03-24 00:59:08.075000-06:00,2.836,9999.0,0.0,,,,
2020-03-24 00:59:10.889000-06:00,,,,2.902,600.0,0.0,247.70000000000002
2020-03-24 01:09:09.472000-06:00,,,,2.902,600.0,0.0,247.70000000000002
2020-03-24 01:09:15.250000-06:00,2.836,9999.0,0.0,,,,
2020-03-24 01:19:08.058000-06:00,2.839,500.0,0.0,,,,
2020-03-24 01:19:16.873000-06:00,,,,2.902,600.0,0.0,247.70000000000002
2020-03-24 01:29:09.642000-06:00,,,,2.902,600.0,0.0,247.70000000000002
2020-03-24 01:29:15.222000-06:00,2.839,500.0,0.0,,,,
2020-03-24 01:39:12.082000-06:00,2.839,500.0,0.0,,,,
2020-03-24 01:39:12.992000-06:00,,,,2.902,600.0,0.0,247.70000000000002
2020-03-24 01:49:13.675000-06:00,,,,2.905,600.0,0.0,247.70000000000002
2020-03-24 01:49:15.240000-06:00,2.841,500.0,0.0,,,,
2020-03-24 01:59:12.062000-06:00,2.839,500.0,0.0,,,,
2020-03-24 01:59:15.300000-06:00,,,,2.902,600.0,0.0,247.70000000000002
2020-03-24 02:09:15.257000-06:00,2.839,9999.0,0.0,,,,
2020-03-24 02:09:16.556000-06:00,,,,2.902,600.0,0.0,247.70000000000002
2020-03-24 02:19:07.644000-06:00,2.836,9999.0,0.0,,,,
2020-03-24 02:19:15.066000-06:00,,,,2.905,600.0,0.0,247.70000000000002
2020-03-24 02:29:14.086000-06:00,,,,2.902,600.0,0.0,247.70000000000002
2020-03-24 02:29:14.936000-06:00,2.839,500.0,0.0,,,,
2020-03-24 02:39:09.502000-06:00,2.836,9999.0,0.0,,,,
2020-03-24 02:39:16.144000-06:00,,,,2.902,600.0,0.0,247.70000000000002
2020-03-24 02:49:12.012000-06:00,,,,2.902,600.0,0.0,247.70000000000002
2020-03-24 02:49:12.163000-06:00,2.836,9999.0,0.0,,,,
2020-03-24 02:59:10.021000-06:00,2.839,9999.0,0.0,,,,
2020-03-24 02:59:11.755000-06:00,,,,2.902,600.0,0.0,247.70000000000002
2020-03-24 03:09:11.172000-06:00,2.836,9999.0,0.0,,,,
2020-03-24 03:09:11.235000-06:00,,,,2.902,600.0,0.0,247.70000000000002
2020-03-24 03:19:12.012000-06:00,2.836,9999.0,0.0,,,,
2020-03-24 03:19:12.195000-06:00,,,,2.905,600.0,0.0,247.70000000000002
2020-03-24 03:29:14.148000-06:00,,,,2.902,600.0,0.0,247.70000000000002
2020-03-24 03:29:15.206000-06:00,2.836,9999.0,0.0,,,,
2020-03-24 03:39:10.269000-06:00,,,,2.902,600.0,0.0,247.70000000000002
2020-03-24 03:39:11.614000-06:00,2.836,9999.0,0.0,,,,
2020-03-24 03:49:10.538000-06:00,,,,2.905,600.0,0.0,247.70000000000002
2020-03-24 03:49:10.919000-06:00,2.836,9999.0,0.0,,,,
2020-03-24 03:59:09.522000-06:00,2.834,9999.0,0.0,,,,
2020-03-24 03:59:11.069000-06:00,,,,2.905,600.0,0.0,247.70000000000002
2020-03-24 04:09:12.238000-06:00,2.836,9999.0,0.0,,,,
2020-03-24 04:19:11.781000-06:00,,,,2.905,600.0,0.0,247.70000000000002
2020-03-24 04:19:13.673000-06:00,2.834,9999.0,0.0,,,,
2020-03-24 04:29:14.548000-06:00,2.834,9999.0,0.0,,,,
2020-03-24 04:29:15.559000-06:00,,,,2.905,600.0,0.0,247.70000000000002
2020-03-24 04:39:12.782000-06:00,2.834,9999.0,0.0,,,,
2020-03-24 04:39:17.108000-06:00,,,,2.905,600.0,0.0,247.70000000000002
2020-03-24 04:49:09.956000-06:00,,,,2.905,600.0,0.0,247.70000000000002
2020-03-24 04:49:13.305000-06:00,2.834,9999.0,0.0,,,,
2020-03-24 04:59:11.671000-06:00,,,,2.905,600.0,0.0,247.70000000000002
2020-03-24 04:59:12.312000-06:00,2.834,9999.0,0.0,,,,
2020-03-24 05:09:11.130000-06:00,,,,2.905,600.0,0.0,247.70000000000002
2020-03-24 05:09:14.346000-06:00,2.834,9999.0,0.0,,,,
2020-03-24 05:19:10.388000-06:00,2.834,9999.0,0.0,,,,
2020-03-24 05:19:12.247000-06:00,,,,2.905,600.0,0.0,247.70000000000002
2020-03-24 05:29:10.024000-06:00,2.834,9999.0,0.0,,,,
2020-03-24 05:29:14.530000-06:00,,,,2.905,600.0,0.0,247.70000000000002
2020-03-24 05:39:09.808000-06:00,2.834,9999.0,0.0,,,,
2020-03-24 05:39:11.054000-06:00,,,,2.905,600.0,0.0,247.70000000000002
2020-03-24 05:49:09.861000-06:00,,,,2.905,600.0,0.0,247.70000000000002
2020-03-24 05:59:11.754000-06:00,,,,2.905,600.0,0.0,247.70000000000002
2020-03-24 05:59:12.503000-06:00,2.834,9999.0,0.0,,,,
2020-03-24 06:09:10.227000-06:00,2.832,9999.0,0.0,,,,
2020-03-24 06:09:11.506000-06:00,,,,2.905,600.0,0.0,247.70000000000002
2020-03-24 06:19:13.707000-06:00,2.834,9999.0,0.0,,,,
2020-03-24 06:19:17.017000-06:00,,,,2.905,600.0,0.0,247.70000000000002
2020-03-24 06:29:14.046000-06:00,,,,2.905,600.0,0.0,247.70000000000002
2020-03-24 06:29:14.684000-06:00,2.834,9999.0,0.0,,,,
2020-03-24 06:39:08.594000-06:00,2.834,9999.0,0.0,,,,
2020-03-24 06:39:12.109000-06:00,,,,2.905,600.0,0.0,247.70000000000002
2020-03-24 06:49:08.956000-06:00,2.832,9999.0,0.0,,,,
2020-03-24 06:49:15.978000-06:00,,,,2.905,600.0,0.0,247.70000000000002
2020-03-24 06:59:11.693000-06:00,,,,2.905,600.0,0.0,247.70000000000002
2020-03-24 06:59:13.149000-06:00,2.832,9999.0,0.0,,,,
2020-03-24 07:09:11.160000-06:00,,,,2.905,600.0,0.0,247.70000000000002
2020-03-24 07:09:11.558000-06:00,2.832,9999.0,0.0,,,,
2020-03-24 07:19:10.886000-06:00,2.832,9999.0,0.0,,,,
2020-03-24 07:19:16.331000-06:00,,,,2.905,600.0,0.0,247.70000000000002
2020-03-24 07:29:10.408000-06:00,,,,2.905,600.0,0.0,247.70000000000002
2020-03-24 07:29:13.040000-06:00,2.832,9999.0,0.0,,,,
2020-03-24 07:39:10.819000-06:00,,,,2.905,600.0,0.0,247.70000000000002
2020-03-24 07:39:11.853000-06:00,2.834,9999.0,0.0,,,,
2020-03-24 07:49:09.375000-06:00,,,,2.905,600.0,0.0,247.70000000000002
2020-03-24 07:49:15.462000-06:00,2.834,9999.0,0.0,,,,
2020-03-24 07:59:12.163000-06:00,2.836,9999.0,0.0,,,,
2020-03-24 07:59:16.766000-06:00,,,,2.905,600.0,0.0,247.70000000000002
2020-03-24 08:09:13.534000-06:00,,,,2.905,600.0,0.0,247.70000000000002
2020-03-24 08:19:10.468000-06:00,2.836,9999.0,0.0,,,,
2020-03-24 08:19:13.071000-06:00,,,,2.905,600.0,0.0,247.70000000000002
2020-03-24 08:29:08.757000-06:00,2.839,9999.0,0.0,,,,
2020-03-24 08:29:13.913000-06:00,,,,2.905,600.0,0.0,247.70000000000002
2020-03-24 08:39:13.277000-06:00,2.839,9999.0,0.0,,,,
2020-03-24 08:39:15.825000-06:00,,,,2.905,600.0,0.0,247.70000000000002
2020-03-24 08:49:11.415000-06:00,,,,2.905,600.0,0.0,247.70000000000002
2020-03-24 08:49:12.373000-06:00,2.841,9999.0,0.0,,,,
2020-03-24 08:59:10.098000-06:00,2.839,9999.0,0.0,,,,
2020-03-24 08:59:16.601000-06:00,,,,2.902,600.0,0.0,247.70000000000002
2020-03-24 09:09:09.239000-06:00,,,,2.902,600.0,0.0,247.70000000000002
2020-03-24 09:09:13.498000-06:00,2.841,9999.0,0.0,,,,
2020-03-24 09:19:10.849000-06:00,2.841,9999.0,0.0,,,,
2020-03-24 09:19:16.507000-06:00,,,,2.902,600.0,0.0,247.70000000000002
2020-03-24 09:29:09.050000-06:00,2.841,500.0,0.0,,,,
2020-03-24 09:29:14.822000-06:00,,,,2.902,600.0,0.0,247.70000000000002
2020-03-24 09:39:07.438000-06:00,2.841,9999.0,0.0,,,,
2020-03-24 09:39:13.690000-06:00,,,,2.9,600.0,0.0,247.70000000000002
2020-03-24 09:49:11.435000-06:00,,,,2.902,600.0,0.0,247.70000000000002
2020-03-24 09:49:14.753000-06:00,2.844,500.0,0.0,,,,
2020-03-24 09:59:12.871000-06:00,2.841,9999.0,0.0,,,,
2020-03-24 09:59:12.945000-06:00,,,,2.9,600.0,0.0,247.70000000000002
2020-03-24 10:09:07.665000-06:00,2.841,9999.0,0.0,,,,
2020-03-24 10:09:09.952000-06:00,,,,2.9,600.0,0.0,247.70000000000002
2020-03-24 10:19:11.220000-06:00,2.841,500.0,0.0,,,,
2020-03-24 10:19:16.010000-06:00,,,,2.9,600.0,0.0,247.70000000000002
2020-03-24 10:29:07.884000-06:00,2.844,500.0,0.0,,,,
2020-03-24 10:29:15.861000-06:00,,,,2.9,600.0,0.0,247.70000000000002
2020-03-24 10:39:13.726000-06:00,2.841,9999.0,0.0,,,,
2020-03-24 10:39:15.561000-06:00,,,,2.9,600.0,0.0,247.70000000000002
2020-03-24 10:49:14.880000-06:00,2.841,9999.0,0.0,,,,
2020-03-24 10:49:15.224000-06:00,,,,2.9,600.0,0.0,247.70000000000002
2020-03-24 10:59:11.732000-06:00,2.844,500.0,0.0,,,,
2020-03-24 10:59:12.305000-06:00,,,,2.9,600.0,0.0,247.70000000000002
2020-03-24 11:09:10.491000-06:00,,,,2.9,600.0,0.0,247.70000000000002
2020-03-24 11:09:10.930000-06:00,2.844,500.0,0.0,,,,
2020-03-24 11:19:07.351000-06:00,2.841,9999.0,0.0,,,,
2020-03-24 11:19:13.131000-06:00,,,,2.9,600.0,0.0,247.70000000000002
2020-03-24 11:29:14.732000-06:00,2.844,9999.0,0.0,,,,
2020-03-24 11:29:16.390000-06:00,,,,2.9,600.0,0.0,247.70000000000002
2020-03-24 11:39:08.957000-06:00,2.844,9999.0,0.0,,,,
2020-03-24 11:39:14.947000-06:00,,,,2.9,600.0,0.0,247.70000000000002
2020-03-24 11:49:07.407000-06:00,2.844,500.0,0.0,,,,
2020-03-24 11:49:09.772000-06:00,,,,2.9,600.0,0.0,247.70000000000002
2020-03-24 11:59:10.322000-06:00,2.846,500.0,0.0,,,,
2020-03-24 11:59:15.480000-06:00,,,,2.9,600.0,0.0,247.70000000000002
2020-03-24 12:09:08.211000-06:00,2.844,500.0,0.0,,,,
2020-03-24 12:09:11.145000-06:00,,,,2.9,600.0,0.0,247.70000000000002
2020-03-24 12:19:08.465000-06:00,2.844,500.0,0.0,,,,
2020-03-24 12:19:12.227000-06:00,,,,2.9,600.0,0.0,247.70000000000002
2020-03-24 12:29:08.984000-06:00,2.841,9999.0,0.0,,,,
2020-03-24 12:29:14.662000-06:00,,,,2.9,600.0,0.0,247.70000000000002
2020-03-24 12:39:08.023000-06:00,2.844,500.0,0.0,,,,
2020-03-24 12:39:13.270000-06:00,,,,2.9,600.0,0.0,247.70000000000002
2020-03-24 12:49:09.665000-06:00,2.844,500.0,0.0,,,,
2020-03-24 12:49:12.498000-06:00,,,,2.9,600.0,0.0,247.70000000000002
2020-03-24 12:59:12.958000-06:00,,,,2.9,600.0,0.0,247.70000000000002
2020-03-24 12:59:13.417000-06:00,2.844,500.0,0.0,,,,
2020-03-24 13:09:14.931000-06:00,2.844,500.0,0.0,,,,
2020-03-24 13:09:15.904000-06:00,,,,2.9,600.0,0.0,247.70000000000002
2020-03-24 13:19:10.044000-06:00,,,,2.9,600.0,0.0,247.70000000000002
2020-03-24 13:19:11.977000-06:00,2.844,500.0,0.0,,,,
2020-03-24 13:29:09.595000-06:00,2.844,500.0,0.0,,,,
2020-03-24 13:29:10.347000-06:00,,,,2.9,600.0,0.0,247.70000000000002
2020-03-24 13:39:09.331000-06:00,2.844,500.0,0.0,,,,
2020-03-24 13:39:14.698000-06:00,,,,2.9,600.0,0.0,247.70000000000002
2020-03-24 13:49:10.848000-06:00,2.841,9999.0,0.0,,,,
2020-03-24 13:49:13.402000-06:00,,,,2.9,600.0,0.0,247.70000000000002
2020-03-24 13:59:07.843000-06:00,2.844,500.0,0.0,,,,
2020-03-24 13:59:10.839000-06:00,,,,2.9,600.0,0.0,247.70000000000002
2020-03-24 14:09:09.863000-06:00,2.841,9999.0,0.0,,,,
2020-03-24 14:09:15.944000-06:00,,,,2.9,600.0,0.0,247.70000000000002
2020-03-24 14:19:10.193000-06:00,,,,2.9,600.0,0.0,247.70000000000002
2020-03-24 14:19:13.905000-06:00,2.844,500.0,0.0,,,,
2020-03-24 14:29:13.531000-06:00,2.844,500.0,0.0,,,,
2020-03-24 14:29:14.698000-06:00,,,,2.9,600.0,0.0,247.70000000000002
2020-03-24 14:39:09.718000-06:00,,,,2.9,600.0,0.0,247.70000000000002
2020-03-24 14:39:13.310000-06:00,2.844,500.0,0.0,,,,
2020-03-24 14:49:14.844000-06:00,2.841,9999.0,0.0,,,,
2020-03-24 14:49:15.756000-06:00,,,,2.9,600.0,0.0,247.70000000000002
2020-03-24 14:59:07.909000-06:00,2.841,9999.0,0.0,,,,
2020-03-24 14:59:15.600000-06:00,,,,2.9,600.0,0.0,247.70000000000002
2020-03-24 15:09:11.288000-06:00,,,,2.9,600.0,0.0,247.70000000000002
2020-03-24 15:09:13.617000-06:00,2.844,500.0,0.0,,,,
2020-03-24 15:19:08.993000-06:00,2.841,9999.0,0.0,,,,
2020-03-24 15:19:14.935000-06:00,,,,2.9,600.0,0.0,247.70000000000002
